name,A1,Faculty of MASSCOM and FSSR,Fakulti Sains Komputer & Matematik 1,Fakulti Sains Komputer & Matematik 2,Kolej Melati,Kolej Melati 2,Kolej Mawar 2,Kolej Mawar 1,Perindu 4,Block B Faculty Of Applied Sciences,Kolej Seroja,Block C Faculty Of Applied Sciences,Kolej Delima 1,Kolej Delima 3,Kolej Delima 2,Faculty of Art and Design,Perpustakaan Tun Abdul Razak 1,bakside fskm,TASKA UITM SHAH ALAM,Kolej Melati,Surau Kolej Melati,Dewan Mawar Qaseh,Surau Mawar,UNIT BENGKEL KENDERAAN UITM SHAH ALAM,"JABATAN PENGURUSAN PEROLEHAN &ASET, PEJABAT BENDAHARI UITM SHAH ALAM",Akademi Pengajian Bahasa,POLIS BANTUAN PINTU SEKSYEN 2,DC,Kolej Anggerik,Makmal Fakulti Kejuruteraan Kimia,Kompleks Kolam Renang UiTM Shah Alam,Fakulti Undang-Undang,Masjid Al-Wathiqu Billah Tuanku Mizan Zainal Abidin,Parking Canseleri,Canseleri Tuanku Syed Sirajuddin,Kompleks Kejuruteraan Elektrikal,Fakulti Kejuruteraan Kimia,Hotel UiTM Shah Alam,Kompleks Sukan UiTM Shah Alam,Perindu 1,Pusat Kokurikulum,Ibu Pejabat Polis Bantuan UiTM,Kolej Teratai 1,Kolej Teratai 2,kolej teratai,Kolej Teratai 3,Kolej Delima 2,UITM FACILITIES CENTER,Faculty of Civil Engineering,Dewan Sri Budiman,Dewan Annexe,Chancellery,Menara Sultan Abdul Aziz Shah,"bahgian pe,bangunan organisasi",Jabatan Sain Ukurdan Geomatik,DKB,Jabatan Sains Ukur & Geomatik,Block A Faculty of Applied Science,Block A Faculty of Applied Science,Block A Faculty Of Applied Sciences,Block A Faculty Of Applied Sciences,DK Beta,DK Alfa,DK Delta,DK Gamma & DK Bestari,Block F Faculty Of Applied Sciences,irmi,malaysiuan institut transport,MITRAN,JABATAN SAINS UKUR DAN GEOMATIK BLOK A,National Design Centre,m,Budisiswa,budisiswa,nn,hep,bangunan HEP,faculty of business,"instititut lreadershsip,quality",Ayub Arshad Graduate Business School,Gym Sport Recreation,Dewan Agung Tuanku Canselor,MTDC,Surau FSPU,AB1,AB 3,AB2,Kafeteria Kolej Anggerik,Mamakteria Cafe,Pusat Kesihatan UiTM Shah Alam,NON RESIDENT OFFICE,UITM FACILITIES CENTRE,facilities centre,Security Office,Pusat Kesihatan UiTM Shah Alam (Annex),Dewan Kuliah,register office,jejantas budisiswa,Pos Polis Bantuan,Dewan Kuliah 2,Dewan Kuliah 3,Dewan Kuliah 1,Stor Sukan,Hentian Bas 5,Institut Pengajian Siswazah,Perindu 2
A1,0.0,1.041,0.923,0.919,0.76,0.714,0.345,0.375,0.8,1.198,1.413,1.236,0.815,0.74,0.659,1.643,1.388,0.877,0.866,0.638,0.621,0.474,0.423,0.385,0.438,0.126,1.321,0.573,0.019,0.098,0.84,1.243,1.077,1.179,1.204,0.804,0.92,1.574,0.442,0.866,0.748,0.689,0.545,0.565,0.784,0.689,0.756,1.003,0.656,1.494,1.443,1.409,1.336,1.377,1.325,1.271,1.269,1.298,1.268,1.304,1.322,1.246,1.248,1.173,1.191,1.151,1.292,1.293,1.276,1.271,1.664,1.497,1.392,1.437,1.403,1.32,1.354,1.237,1.182,1.187,0.822,0.69,0.418,0.152,0.161,0.107,0.167,0.101,0.251,0.177,0.603,0.976,1.028,0.364,0.228,1.355,1.343,1.388,0.183,1.242,1.247,1.248,1.264,0.184,0.928,0.788
Faculty of MASSCOM and FSSR,1.041,0.0,0.226,0.141,0.289,0.328,0.698,0.669,0.846,0.995,0.852,0.964,0.603,0.527,0.576,1.314,1.107,0.17,0.378,0.424,0.424,0.574,0.627,0.695,0.629,1.143,0.627,0.477,1.043,0.943,0.466,1.161,0.666,0.601,0.595,0.311,0.207,1.056,0.753,0.786,0.562,0.431,0.563,0.527,0.421,0.481,0.399,0.467,0.412,1.119,1.077,1.072,1.015,0.983,0.96,0.937,0.952,1.028,1.029,1.066,1.059,1.008,1.029,0.934,0.942,0.866,0.875,0.894,0.903,0.917,1.377,1.205,1.174,1.208,1.215,1.186,1.197,1.106,1.094,1.157,0.962,0.99,1.117,1.151,0.905,0.952,0.918,0.973,0.925,0.891,0.483,0.462,0.486,1.017,0.835,1.001,0.921,1.156,1.102,0.918,0.916,0.926,0.774,1.014,0.987,0.694
Fakulti Sains Komputer & Matematik 1,0.923,0.226,0.0,0.115,0.193,0.267,0.582,0.576,0.62,0.785,0.703,0.76,0.376,0.307,0.367,1.135,0.912,0.146,0.152,0.286,0.316,0.452,0.5,0.631,0.565,1.037,0.507,0.355,0.921,0.827,0.24,0.945,0.463,0.434,0.438,0.376,0.338,0.908,0.572,0.56,0.34,0.247,0.394,0.365,0.203,0.279,0.194,0.264,0.393,0.941,0.896,0.884,0.822,0.802,0.772,0.742,0.755,0.828,0.824,0.863,0.859,0.802,0.822,0.725,0.735,0.659,0.692,0.709,0.712,0.724,1.193,1.016,0.973,1.01,1.011,0.975,0.989,0.893,0.876,0.937,0.736,0.771,0.93,1.012,0.772,0.824,0.779,0.842,0.859,0.797,0.323,0.252,0.289,0.835,0.743,0.813,0.742,0.956,1.017,0.72,0.719,0.729,0.599,0.861,0.761,0.468
Fakulti Sains Komputer & Matematik 2,0.919,0.141,0.115,0.0,0.159,0.215,0.574,0.554,0.715,0.899,0.809,0.875,0.476,0.391,0.436,1.249,1.027,0.05,0.257,0.289,0.297,0.446,0.499,0.592,0.525,1.025,0.603,0.347,0.92,0.821,0.342,1.057,0.578,0.543,0.545,0.275,0.224,1.015,0.613,0.662,0.428,0.29,0.424,0.388,0.287,0.34,0.26,0.379,0.326,1.055,1.009,0.999,0.937,0.915,0.886,0.857,0.87,0.943,0.939,0.978,0.974,0.917,0.936,0.84,0.849,0.774,0.805,0.823,0.827,0.839,1.307,1.131,1.088,1.125,1.126,1.089,1.104,1.006,0.989,1.048,0.831,0.852,0.976,1.022,0.777,0.826,0.788,0.846,0.824,0.777,0.345,0.367,0.403,0.877,0.721,0.927,0.855,1.071,0.994,0.835,0.834,0.844,0.711,0.88,0.863,0.564
Kolej Melati,0.76,0.289,0.193,0.159,0.0,0.075,0.415,0.397,0.641,0.891,0.874,0.88,0.424,0.316,0.333,1.277,1.04,0.119,0.251,0.136,0.139,0.288,0.341,0.442,0.376,0.867,0.692,0.189,0.761,0.662,0.312,1.033,0.595,0.602,0.611,0.233,0.26,1.075,0.472,0.608,0.355,0.174,0.28,0.242,0.23,0.238,0.182,0.413,0.205,1.087,1.038,1.022,0.954,0.947,0.911,0.873,0.884,0.95,0.94,0.98,0.981,0.917,0.933,0.835,0.848,0.775,0.838,0.852,0.851,0.859,1.329,1.149,1.091,1.131,1.124,1.076,1.095,0.989,0.962,1.014,0.751,0.748,0.835,0.864,0.619,0.667,0.631,0.688,0.673,0.62,0.2,0.393,0.442,0.733,0.565,0.951,0.89,1.076,0.838,0.848,0.849,0.857,0.756,0.725,0.801,0.499
Kolej Melati 2,0.714,0.328,0.267,0.215,0.075,0.0,0.371,0.342,0.681,0.952,0.948,0.944,0.478,0.363,0.365,1.346,1.106,0.168,0.321,0.135,0.105,0.251,0.305,0.377,0.31,0.816,0.768,0.161,0.716,0.616,0.375,1.089,0.664,0.676,0.686,0.185,0.246,1.149,0.468,0.657,0.402,0.212,0.28,0.241,0.289,0.276,0.239,0.486,0.13,1.157,1.107,1.09,1.021,1.017,0.979,0.941,0.95,1.015,1.003,1.044,1.046,0.979,0.995,0.897,0.91,0.839,0.908,0.921,0.919,0.927,1.396,1.215,1.154,1.195,1.186,1.135,1.155,1.047,1.018,1.066,0.787,0.77,0.824,0.826,0.58,0.626,0.594,0.647,0.609,0.565,0.205,0.465,0.515,0.721,0.509,1.02,0.961,1.14,0.78,0.915,0.916,0.924,0.828,0.695,0.844,0.544
Kolej Mawar 2,0.345,0.698,0.582,0.574,0.415,0.371,0.0,0.074,0.625,0.999,1.136,1.02,0.547,0.447,0.379,1.438,1.182,0.532,0.542,0.295,0.276,0.129,0.084,0.164,0.162,0.455,1.012,0.229,0.346,0.247,0.534,1.087,0.806,0.882,0.903,0.484,0.592,1.316,0.253,0.657,0.467,0.359,0.233,0.239,0.464,0.376,0.428,0.694,0.333,1.269,1.216,1.188,1.114,1.138,1.09,1.041,1.043,1.088,1.064,1.104,1.116,1.04,1.049,0.96,0.977,0.922,1.041,1.047,1.035,1.035,1.472,1.294,1.205,1.25,1.226,1.154,1.183,1.065,1.018,1.044,0.693,0.608,0.517,0.456,0.211,0.255,0.229,0.277,0.312,0.221,0.271,0.667,0.722,0.415,0.174,1.126,1.095,1.196,0.441,1.011,1.015,1.019,0.993,0.337,0.785,0.554
Kolej Mawar 1,0.375,0.669,0.576,0.554,0.397,0.342,0.074,0.0,0.687,1.052,1.167,1.069,0.589,0.482,0.421,1.487,1.232,0.509,0.557,0.294,0.261,0.138,0.118,0.096,0.089,0.473,1.031,0.224,0.38,0.278,0.56,1.147,0.841,0.907,0.926,0.433,0.546,1.352,0.322,0.712,0.506,0.374,0.269,0.264,0.483,0.402,0.442,0.715,0.282,1.314,1.262,1.235,1.161,1.181,1.135,1.086,1.09,1.138,1.116,1.156,1.166,1.092,1.101,1.011,1.027,0.969,1.082,1.088,1.078,1.079,1.523,1.345,1.258,1.303,1.281,1.211,1.24,1.122,1.077,1.106,0.759,0.679,0.588,0.501,0.263,0.299,0.284,0.323,0.287,0.223,0.287,0.689,0.744,0.487,0.168,1.171,1.135,1.249,0.441,1.057,1.061,1.065,1.027,0.396,0.849,0.605
Perindu 4,0.8,0.846,0.62,0.715,0.641,0.681,0.625,0.687,0.0,0.399,0.68,0.441,0.245,0.328,0.317,0.843,0.588,0.715,0.469,0.554,0.608,0.58,0.572,0.782,0.753,0.922,0.685,0.576,0.786,0.743,0.381,0.463,0.38,0.532,0.564,0.865,0.899,0.803,0.384,0.1,0.29,0.47,0.448,0.477,0.429,0.405,0.465,0.457,0.768,0.7,0.649,0.613,0.541,0.592,0.539,0.484,0.479,0.499,0.469,0.504,0.522,0.447,0.449,0.377,0.395,0.367,0.526,0.52,0.499,0.489,0.866,0.697,0.594,0.639,0.609,0.532,0.563,0.445,0.395,0.419,0.116,0.205,0.526,0.789,0.654,0.701,0.639,0.7,0.913,0.794,0.492,0.442,0.461,0.487,0.771,0.564,0.57,0.589,0.972,0.456,0.462,0.461,0.534,0.635,0.167,0.152
Block B Faculty Of Applied Sciences,1.198,0.995,0.785,0.899,0.891,0.952,0.999,1.052,0.399,0.0,0.409,0.075,0.481,0.6,0.637,0.445,0.19,0.92,0.65,0.851,0.91,0.929,0.934,1.146,1.106,1.321,0.548,0.896,1.185,1.139,0.579,0.178,0.331,0.446,0.47,1.123,1.118,0.451,0.774,0.342,0.564,0.751,0.789,0.807,0.663,0.692,0.713,0.529,1.065,0.309,0.262,0.223,0.159,0.235,0.187,0.143,0.126,0.105,0.07,0.106,0.124,0.051,0.05,0.062,0.059,0.132,0.233,0.213,0.185,0.164,0.473,0.299,0.207,0.251,0.235,0.191,0.205,0.115,0.133,0.207,0.404,0.554,0.9,1.184,1.051,1.099,1.037,1.098,1.299,1.185,0.807,0.535,0.51,0.877,1.157,0.193,0.246,0.197,1.369,0.131,0.14,0.128,0.318,1.033,0.304,0.447
Kolej Seroja,1.413,0.852,0.703,0.809,0.874,0.948,1.136,1.167,0.68,0.409,0.0,0.334,0.599,0.689,0.762,0.488,0.367,0.848,0.632,0.898,0.952,1.03,1.056,1.249,1.193,1.538,0.237,0.961,1.403,1.334,0.608,0.565,0.336,0.272,0.265,1.079,1.029,0.206,0.972,0.585,0.672,0.8,0.903,0.903,0.691,0.765,0.738,0.465,1.077,0.305,0.283,0.301,0.292,0.211,0.234,0.267,0.285,0.347,0.377,0.389,0.363,0.374,0.396,0.371,0.36,0.335,0.177,0.196,0.224,0.244,0.559,0.42,0.455,0.466,0.501,0.531,0.516,0.502,0.539,0.611,0.741,0.879,1.204,1.438,1.252,1.307,1.246,1.313,1.448,1.35,0.883,0.488,0.435,1.153,1.309,0.256,0.168,0.433,1.56,0.279,0.27,0.281,0.15,1.276,0.665,0.631
Block C Faculty Of Applied Sciences,1.236,0.964,0.76,0.875,0.88,0.944,1.02,1.069,0.441,0.075,0.334,0.0,0.486,0.603,0.649,0.418,0.164,0.899,0.634,0.852,0.911,0.942,0.951,1.161,1.118,1.36,0.483,0.901,1.223,1.173,0.569,0.242,0.298,0.393,0.415,1.11,1.097,0.382,0.805,0.371,0.571,0.75,0.803,0.817,0.655,0.695,0.706,0.499,1.063,0.259,0.208,0.173,0.1,0.164,0.114,0.068,0.051,0.071,0.066,0.103,0.101,0.049,0.072,0.064,0.046,0.105,0.16,0.139,0.111,0.09,0.457,0.277,0.213,0.251,0.251,0.233,0.236,0.176,0.205,0.279,0.462,0.611,0.955,1.23,1.085,1.135,1.072,1.136,1.325,1.213,0.813,0.508,0.477,0.926,1.182,0.127,0.171,0.196,1.403,0.06,0.067,0.055,0.251,1.076,0.367,0.466
Kolej Delima 1,0.815,0.603,0.376,0.476,0.424,0.478,0.547,0.589,0.245,0.481,0.599,0.486,0.0,0.118,0.169,0.902,0.65,0.481,0.224,0.37,0.429,0.458,0.472,0.679,0.633,0.94,0.524,0.415,0.805,0.736,0.137,0.611,0.263,0.373,0.401,0.657,0.673,0.77,0.375,0.187,0.084,0.271,0.32,0.332,0.197,0.211,0.242,0.235,0.586,0.725,0.673,0.648,0.575,0.592,0.546,0.498,0.503,0.557,0.539,0.58,0.586,0.515,0.528,0.432,0.447,0.383,0.494,0.5,0.489,0.49,0.943,0.763,0.687,0.73,0.716,0.66,0.682,0.571,0.54,0.59,0.361,0.418,0.661,0.849,0.654,0.708,0.648,0.716,0.859,0.755,0.327,0.214,0.249,0.588,0.717,0.583,0.548,0.675,0.962,0.469,0.472,0.477,0.451,0.686,0.387,0.094
Kolej Delima 3,0.74,0.527,0.307,0.391,0.316,0.363,0.447,0.482,0.328,0.6,0.689,0.603,0.118,0.0,0.084,1.017,0.767,0.387,0.17,0.252,0.311,0.347,0.368,0.569,0.52,0.864,0.581,0.298,0.733,0.655,0.106,0.728,0.36,0.44,0.464,0.545,0.571,0.87,0.317,0.294,0.04,0.153,0.215,0.22,0.105,0.093,0.137,0.264,0.468,0.838,0.786,0.762,0.69,0.702,0.658,0.612,0.618,0.674,0.657,0.697,0.704,0.633,0.646,0.55,0.565,0.499,0.601,0.608,0.6,0.603,1.06,0.879,0.806,0.848,0.835,0.778,0.8,0.689,0.656,0.703,0.442,0.464,0.648,0.793,0.579,0.634,0.577,0.645,0.759,0.663,0.21,0.238,0.288,0.562,0.62,0.696,0.654,0.793,0.876,0.584,0.586,0.592,0.546,0.631,0.486,0.183
Kolej Delima 2,0.659,0.576,0.367,0.436,0.333,0.365,0.379,0.421,0.317,0.637,0.762,0.649,0.169,0.084,0.0,1.067,0.813,0.424,0.244,0.237,0.291,0.292,0.304,0.512,0.469,0.784,0.663,0.265,0.651,0.575,0.189,0.75,0.428,0.52,0.545,0.55,0.593,0.938,0.234,0.308,0.09,0.159,0.153,0.171,0.167,0.097,0.177,0.348,0.452,0.893,0.841,0.814,0.741,0.761,0.714,0.665,0.669,0.719,0.699,0.739,0.748,0.675,0.686,0.593,0.608,0.549,0.663,0.669,0.658,0.658,1.106,0.926,0.845,0.888,0.87,0.807,0.832,0.717,0.679,0.719,0.422,0.418,0.571,0.709,0.498,0.553,0.495,0.563,0.69,0.589,0.177,0.322,0.371,0.482,0.549,0.75,0.716,0.834,0.799,0.636,0.64,0.644,0.617,0.548,0.483,0.195
Faculty of Art and Design,1.643,1.314,1.135,1.249,1.277,1.346,1.438,1.487,0.843,0.445,0.488,0.418,0.902,1.017,1.067,0.0,0.257,1.28,1.027,1.263,1.321,1.359,1.369,1.579,1.535,1.765,0.723,1.315,1.629,1.584,0.973,0.439,0.682,0.713,0.72,1.502,1.473,0.324,1.218,0.785,0.986,1.16,1.22,1.234,1.06,1.108,1.112,0.873,1.468,0.195,0.24,0.256,0.328,0.333,0.367,0.407,0.4,0.35,0.376,0.339,0.323,0.399,0.395,0.478,0.461,0.519,0.443,0.427,0.427,0.419,0.076,0.146,0.259,0.217,0.265,0.356,0.318,0.419,0.48,0.507,0.835,0.983,1.328,1.624,1.496,1.544,1.481,1.543,1.742,1.628,1.227,0.889,0.847,1.315,1.599,0.326,0.394,0.258,1.814,0.434,0.432,0.426,0.541,1.475,0.729,0.883
Perpustakaan Tun Abdul Razak 1,1.388,1.107,0.912,1.027,1.04,1.106,1.182,1.232,0.588,0.19,0.367,0.164,0.65,0.767,0.813,0.257,0.0,1.054,0.792,1.016,1.074,1.105,1.114,1.325,1.282,1.51,0.571,1.065,1.374,1.328,0.731,0.242,0.45,0.516,0.531,1.269,1.25,0.32,0.962,0.528,0.735,0.913,0.966,0.981,0.817,0.859,0.868,0.649,1.225,0.137,0.107,0.071,0.093,0.156,0.154,0.171,0.158,0.094,0.12,0.086,0.067,0.143,0.14,0.221,0.205,0.268,0.242,0.219,0.206,0.191,0.293,0.113,0.088,0.105,0.134,0.179,0.155,0.195,0.254,0.306,0.589,0.739,1.086,1.374,1.24,1.288,1.226,1.288,1.485,1.372,0.977,0.661,0.625,1.066,1.342,0.117,0.212,0.066,1.558,0.193,0.194,0.184,0.35,1.223,0.486,0.627
bakside fskm,0.877,0.17,0.146,0.05,0.119,0.168,0.532,0.509,0.715,0.92,0.848,0.899,0.481,0.387,0.424,1.28,1.054,0.0,0.271,0.254,0.256,0.406,0.459,0.545,0.478,0.981,0.646,0.308,0.878,0.779,0.352,1.074,0.604,0.579,0.583,0.232,0.198,1.053,0.586,0.668,0.426,0.27,0.395,0.358,0.286,0.326,0.252,0.407,0.276,1.086,1.04,1.028,0.964,0.947,0.915,0.884,0.896,0.968,0.962,1.002,0.999,0.94,0.958,0.861,0.872,0.797,0.836,0.853,0.856,0.867,1.336,1.159,1.112,1.15,1.149,1.109,1.125,1.025,1.004,1.062,0.829,0.841,0.949,0.983,0.737,0.785,0.749,0.806,0.776,0.732,0.315,0.393,0.433,0.848,0.676,0.957,0.887,1.096,0.947,0.861,0.86,0.87,0.745,0.844,0.867,0.566
TASKA UITM SHAH ALAM,0.866,0.378,0.152,0.257,0.251,0.321,0.542,0.557,0.469,0.65,0.632,0.634,0.224,0.17,0.244,1.027,0.792,0.271,0.0,0.27,0.321,0.421,0.458,0.629,0.569,0.987,0.474,0.338,0.862,0.774,0.088,0.803,0.345,0.361,0.376,0.477,0.468,0.83,0.471,0.408,0.196,0.183,0.321,0.305,0.084,0.179,0.115,0.167,0.448,0.836,0.788,0.772,0.705,0.696,0.66,0.624,0.635,0.703,0.696,0.735,0.735,0.672,0.69,0.593,0.604,0.53,0.587,0.601,0.6,0.609,1.079,0.9,0.846,0.885,0.881,0.839,0.855,0.754,0.734,0.792,0.585,0.627,0.815,0.936,0.708,0.762,0.711,0.776,0.844,0.763,0.272,0.144,0.197,0.726,0.715,0.701,0.64,0.83,0.983,0.599,0.6,0.608,0.508,0.778,0.609,0.317
Kolej Melati,0.638,0.424,0.286,0.289,0.136,0.135,0.295,0.294,0.554,0.851,0.898,0.852,0.37,0.252,0.237,1.263,1.016,0.254,0.27,0.0,0.059,0.166,0.215,0.36,0.299,0.75,0.744,0.07,0.637,0.541,0.295,0.978,0.589,0.63,0.646,0.317,0.379,1.091,0.339,0.539,0.289,0.102,0.148,0.108,0.208,0.16,0.159,0.435,0.217,1.079,1.028,1.007,0.936,0.941,0.899,0.856,0.863,0.923,0.908,0.948,0.953,0.883,0.897,0.801,0.815,0.748,0.835,0.845,0.84,0.845,1.308,1.127,1.057,1.099,1.087,1.03,1.052,0.94,0.907,0.951,0.657,0.635,0.7,0.734,0.49,0.541,0.501,0.56,0.58,0.511,0.07,0.411,0.465,0.597,0.459,0.938,0.889,1.044,0.732,0.829,0.831,0.837,0.766,0.591,0.72,0.425
Surau Kolej Melati,0.621,0.424,0.316,0.297,0.139,0.105,0.276,0.261,0.608,0.91,0.952,0.911,0.429,0.311,0.291,1.321,1.074,0.256,0.321,0.059,0.0,0.15,0.204,0.316,0.253,0.729,0.791,0.055,0.622,0.524,0.352,1.036,0.646,0.682,0.697,0.274,0.35,1.147,0.365,0.596,0.347,0.161,0.182,0.143,0.264,0.218,0.214,0.488,0.161,1.137,1.086,1.065,0.994,0.998,0.957,0.914,0.922,0.982,0.966,1.007,1.012,0.942,0.956,0.86,0.874,0.806,0.892,0.903,0.898,0.903,1.367,1.186,1.116,1.158,1.145,1.088,1.111,0.999,0.964,1.008,0.708,0.679,0.719,0.727,0.481,0.529,0.494,0.55,0.543,0.483,0.116,0.464,0.517,0.615,0.429,0.996,0.946,1.103,0.702,0.887,0.889,0.896,0.822,0.592,0.774,0.482
Dewan Mawar Qaseh,0.474,0.574,0.452,0.446,0.288,0.251,0.129,0.138,0.58,0.929,1.03,0.942,0.458,0.347,0.292,1.359,1.105,0.406,0.421,0.166,0.15,0.0,0.054,0.222,0.177,0.585,0.894,0.1,0.474,0.376,0.423,1.034,0.706,0.77,0.789,0.39,0.486,1.216,0.257,0.594,0.374,0.237,0.139,0.128,0.346,0.265,0.305,0.578,0.245,1.183,1.131,1.106,1.032,1.049,1.003,0.956,0.96,1.011,0.991,1.031,1.04,0.967,0.977,0.885,0.901,0.84,0.948,0.955,0.946,0.948,1.398,1.218,1.136,1.18,1.161,1.094,1.121,1.005,0.963,0.997,0.665,0.606,0.589,0.577,0.331,0.38,0.344,0.4,0.424,0.347,0.149,0.552,0.606,0.484,0.295,1.04,1.002,1.126,0.567,0.927,0.93,0.935,0.891,0.444,0.746,0.483
Surau Mawar,0.423,0.627,0.5,0.499,0.341,0.305,0.084,0.118,0.572,0.934,1.056,0.951,0.472,0.368,0.304,1.369,1.114,0.459,0.458,0.215,0.204,0.054,0.0,0.212,0.183,0.537,0.929,0.152,0.422,0.326,0.452,1.031,0.727,0.8,0.82,0.44,0.539,1.238,0.225,0.595,0.39,0.275,0.153,0.155,0.38,0.293,0.344,0.611,0.293,1.196,1.144,1.118,1.044,1.065,1.017,0.969,0.972,1.02,0.998,1.037,1.048,0.974,0.983,0.893,0.909,0.851,0.966,0.972,0.962,0.962,1.405,1.227,1.14,1.185,1.163,1.094,1.122,1.005,0.961,0.991,0.65,0.58,0.54,0.524,0.278,0.327,0.291,0.347,0.392,0.305,0.186,0.584,0.638,0.436,0.257,1.054,1.019,1.131,0.525,0.94,0.943,0.947,0.914,0.39,0.736,0.487
UNIT BENGKEL KENDERAAN UITM SHAH ALAM,0.385,0.695,0.631,0.592,0.442,0.377,0.164,0.096,0.782,1.146,1.249,1.161,0.679,0.569,0.512,1.579,1.325,0.545,0.629,0.36,0.316,0.222,0.212,0.0,0.067,0.462,1.103,0.291,0.393,0.296,0.641,1.242,0.927,0.986,1.003,0.427,0.547,1.437,0.416,0.807,0.596,0.45,0.359,0.349,0.56,0.485,0.516,0.792,0.287,1.404,1.352,1.326,1.253,1.271,1.225,1.177,1.181,1.231,1.209,1.249,1.259,1.185,1.195,1.104,1.12,1.061,1.169,1.177,1.168,1.169,1.616,1.438,1.353,1.397,1.376,1.306,1.335,1.217,1.173,1.202,0.855,0.771,0.658,0.526,0.308,0.331,0.334,0.356,0.232,0.211,0.366,0.766,0.821,0.56,0.157,1.262,1.223,1.343,0.409,1.148,1.151,1.156,1.112,0.446,0.945,0.699
"JABATAN PENGURUSAN PEROLEHAN &ASET, PEJABAT BENDAHARI UITM SHAH ALAM",0.438,0.629,0.565,0.525,0.376,0.31,0.162,0.089,0.753,1.106,1.193,1.118,0.633,0.52,0.469,1.535,1.282,0.478,0.569,0.299,0.253,0.177,0.183,0.067,0.0,0.523,1.042,0.232,0.445,0.345,0.586,1.21,0.876,0.928,0.944,0.366,0.486,1.384,0.402,0.771,0.549,0.393,0.316,0.301,0.503,0.433,0.457,0.734,0.223,1.357,1.305,1.281,1.208,1.222,1.177,1.131,1.136,1.188,1.168,1.208,1.217,1.143,1.154,1.062,1.077,1.016,1.119,1.128,1.12,1.122,1.574,1.395,1.313,1.357,1.338,1.271,1.298,1.181,1.139,1.172,0.832,0.759,0.676,0.573,0.344,0.374,0.367,0.398,0.299,0.27,0.313,0.709,0.763,0.575,0.214,1.215,1.173,1.303,0.474,1.102,1.105,1.11,1.058,0.479,0.918,0.66
Akademi Pengajian Bahasa,0.126,1.143,1.037,1.025,0.867,0.816,0.455,0.473,0.922,1.321,1.538,1.36,0.94,0.864,0.784,1.765,1.51,0.981,0.987,0.75,0.729,0.585,0.537,0.462,0.523,0.0,1.444,0.683,0.137,0.212,0.964,1.36,1.202,1.304,1.328,0.889,1.009,1.699,0.567,0.99,0.873,0.807,0.666,0.683,0.905,0.811,0.875,1.126,0.745,1.618,1.567,1.533,1.46,1.502,1.45,1.396,1.394,1.421,1.391,1.426,1.444,1.368,1.371,1.297,1.314,1.275,1.418,1.418,1.401,1.396,1.784,1.618,1.512,1.557,1.522,1.438,1.473,1.357,1.301,1.303,0.94,0.803,0.507,0.189,0.286,0.232,0.292,0.226,0.272,0.253,0.72,1.099,1.151,0.47,0.31,1.479,1.468,1.509,0.112,1.366,1.372,1.373,1.39,0.294,1.046,0.914
POLIS BANTUAN PINTU SEKSYEN 2,1.321,0.627,0.507,0.603,0.692,0.768,1.012,1.031,0.685,0.548,0.237,0.483,0.524,0.581,0.663,0.723,0.571,0.646,0.474,0.744,0.791,0.894,0.929,1.103,1.042,1.444,0.0,0.812,1.314,1.234,0.481,0.724,0.307,0.155,0.124,0.877,0.814,0.435,0.892,0.586,0.577,0.657,0.783,0.774,0.549,0.638,0.589,0.319,0.897,0.535,0.505,0.515,0.483,0.419,0.42,0.427,0.446,0.523,0.543,0.567,0.548,0.531,0.555,0.493,0.49,0.432,0.335,0.359,0.38,0.401,0.793,0.643,0.655,0.676,0.701,0.71,0.705,0.659,0.679,0.754,0.775,0.891,1.18,1.369,1.159,1.214,1.158,1.225,1.318,1.233,0.745,0.346,0.293,1.112,1.186,0.454,0.36,0.634,1.451,0.424,0.417,0.43,0.232,1.207,0.728,0.588
DC,0.573,0.477,0.355,0.347,0.189,0.161,0.229,0.224,0.576,0.896,0.961,0.901,0.415,0.298,0.265,1.315,1.065,0.308,0.338,0.07,0.055,0.1,0.152,0.291,0.232,0.683,0.812,0.0,0.573,0.476,0.355,1.015,0.647,0.695,0.712,0.323,0.405,1.153,0.312,0.573,0.331,0.161,0.136,0.101,0.271,0.207,0.225,0.501,0.197,1.133,1.082,1.059,0.987,0.996,0.953,0.909,0.915,0.971,0.954,0.995,1.001,0.93,0.943,0.847,0.862,0.797,0.892,0.901,0.895,0.899,1.358,1.177,1.102,1.146,1.13,1.07,1.094,0.98,0.943,0.984,0.673,0.635,0.664,0.675,0.43,0.479,0.442,0.499,0.51,0.442,0.089,0.476,0.53,0.56,0.389,0.992,0.946,1.091,0.663,0.881,0.883,0.889,0.827,0.538,0.743,0.459
Kolej Anggerik,0.019,1.043,0.921,0.92,0.761,0.716,0.346,0.38,0.786,1.185,1.403,1.223,0.805,0.733,0.651,1.629,1.374,0.878,0.862,0.637,0.622,0.474,0.422,0.393,0.445,0.137,1.314,0.573,0.0,0.101,0.834,1.228,1.067,1.171,1.196,0.81,0.926,1.563,0.432,0.854,0.74,0.686,0.541,0.561,0.779,0.684,0.752,0.996,0.661,1.482,1.43,1.396,1.323,1.365,1.313,1.259,1.257,1.285,1.255,1.29,1.308,1.232,1.235,1.16,1.178,1.139,1.281,1.281,1.265,1.259,1.649,1.483,1.377,1.423,1.388,1.305,1.339,1.223,1.167,1.172,0.807,0.674,0.399,0.138,0.155,0.1,0.157,0.09,0.268,0.188,0.601,0.969,1.021,0.347,0.237,1.343,1.332,1.374,0.201,1.23,1.235,1.236,1.254,0.167,0.913,0.777
Makmal Fakulti Kejuruteraan Kimia,0.098,0.943,0.827,0.821,0.662,0.616,0.247,0.278,0.743,1.139,1.334,1.173,0.736,0.655,0.575,1.584,1.328,0.779,0.774,0.541,0.524,0.376,0.326,0.296,0.345,0.212,1.234,0.476,0.101,0.0,0.753,1.196,0.999,1.095,1.119,0.709,0.824,1.501,0.37,0.802,0.665,0.595,0.454,0.471,0.692,0.599,0.662,0.915,0.56,1.43,1.378,1.346,1.272,1.308,1.257,1.204,1.204,1.237,1.208,1.245,1.262,1.185,1.19,1.11,1.128,1.084,1.22,1.222,1.207,1.203,1.609,1.438,1.337,1.382,1.351,1.27,1.303,1.186,1.132,1.143,0.778,0.655,0.426,0.23,0.089,0.055,0.108,0.075,0.215,0.105,0.508,0.888,0.941,0.352,0.143,1.289,1.272,1.332,0.23,1.175,1.18,1.182,1.187,0.185,0.882,0.717
Kompleks Kolam Renang UiTM Shah Alam,0.84,0.466,0.24,0.342,0.312,0.375,0.534,0.56,0.381,0.579,0.608,0.569,0.137,0.106,0.189,0.973,0.731,0.352,0.088,0.295,0.352,0.423,0.452,0.641,0.586,0.964,0.481,0.355,0.834,0.753,0.0,0.725,0.295,0.348,0.369,0.544,0.547,0.798,0.423,0.32,0.12,0.194,0.303,0.297,0.088,0.159,0.139,0.162,0.496,0.786,0.736,0.717,0.647,0.647,0.607,0.566,0.575,0.64,0.629,0.669,0.671,0.605,0.621,0.523,0.536,0.464,0.541,0.552,0.548,0.554,1.021,0.841,0.779,0.82,0.813,0.765,0.784,0.679,0.655,0.711,0.497,0.544,0.751,0.897,0.679,0.734,0.679,0.746,0.844,0.754,0.275,0.136,0.188,0.667,0.708,0.647,0.594,0.765,0.97,0.54,0.541,0.549,0.473,0.736,0.521,0.229
Fakulti Undang-Undang,1.243,1.161,0.945,1.057,1.033,1.089,1.087,1.147,0.463,0.178,0.565,0.242,0.611,0.728,0.75,0.439,0.242,1.074,0.803,0.978,1.036,1.034,1.031,1.242,1.21,1.36,0.724,1.015,1.228,1.196,0.725,0.0,0.504,0.624,0.649,1.266,1.271,0.56,0.846,0.442,0.69,0.881,0.896,0.92,0.804,0.819,0.852,0.696,1.195,0.378,0.348,0.308,0.279,0.365,0.332,0.304,0.285,0.22,0.189,0.181,0.21,0.195,0.171,0.239,0.238,0.308,0.399,0.376,0.35,0.328,0.437,0.306,0.186,0.222,0.174,0.083,0.121,0.065,0.072,0.068,0.421,0.561,0.9,1.207,1.107,1.151,1.089,1.146,1.374,1.254,0.926,0.699,0.68,0.897,1.233,0.318,0.398,0.196,1.421,0.302,0.309,0.296,0.493,1.067,0.315,0.556
Masjid Al-Wathiqu Billah Tuanku Mizan Zainal Abidin,1.077,0.666,0.463,0.578,0.595,0.664,0.806,0.841,0.38,0.331,0.336,0.298,0.263,0.36,0.428,0.682,0.45,0.604,0.345,0.589,0.646,0.706,0.727,0.927,0.876,1.202,0.307,0.647,1.067,0.999,0.295,0.504,0.0,0.156,0.188,0.821,0.801,0.51,0.636,0.28,0.339,0.487,0.574,0.578,0.382,0.443,0.433,0.201,0.788,0.493,0.443,0.427,0.361,0.353,0.315,0.28,0.292,0.365,0.363,0.401,0.396,0.342,0.362,0.27,0.276,0.2,0.246,0.257,0.255,0.264,0.735,0.556,0.51,0.547,0.549,0.521,0.531,0.445,0.442,0.512,0.469,0.585,0.887,1.105,0.917,0.971,0.91,0.977,1.117,1.017,0.563,0.211,0.18,0.828,0.977,0.356,0.3,0.493,1.225,0.257,0.256,0.266,0.188,0.942,0.429,0.3
Parking Canseleri,1.179,0.601,0.434,0.543,0.602,0.676,0.882,0.907,0.532,0.446,0.272,0.393,0.373,0.44,0.52,0.713,0.516,0.579,0.361,0.63,0.682,0.77,0.8,0.986,0.928,1.304,0.155,0.695,1.171,1.095,0.348,0.624,0.156,0.0,0.032,0.809,0.766,0.475,0.746,0.432,0.432,0.536,0.65,0.645,0.425,0.507,0.471,0.195,0.805,0.518,0.477,0.473,0.423,0.383,0.364,0.351,0.368,0.448,0.458,0.49,0.476,0.441,0.464,0.385,0.386,0.317,0.277,0.298,0.31,0.327,0.776,0.607,0.591,0.62,0.635,0.625,0.627,0.561,0.57,0.643,0.624,0.736,1.025,1.222,1.018,1.073,1.015,1.082,1.192,1.101,0.621,0.219,0.165,0.959,1.056,0.404,0.32,0.571,1.316,0.338,0.333,0.346,0.173,1.059,0.584,0.434
Canseleri Tuanku Syed Sirajuddin,1.204,0.595,0.438,0.545,0.611,0.686,0.903,0.926,0.564,0.47,0.265,0.415,0.401,0.464,0.545,0.72,0.531,0.583,0.376,0.646,0.697,0.789,0.82,1.003,0.944,1.328,0.124,0.712,1.196,1.119,0.369,0.649,0.188,0.032,0.0,0.814,0.765,0.47,0.772,0.464,0.457,0.553,0.672,0.665,0.444,0.528,0.488,0.211,0.815,0.526,0.486,0.486,0.439,0.393,0.378,0.369,0.387,0.467,0.479,0.51,0.495,0.463,0.487,0.411,0.411,0.344,0.29,0.312,0.327,0.345,0.785,0.62,0.609,0.636,0.653,0.647,0.648,0.585,0.596,0.67,0.657,0.768,1.056,1.249,1.042,1.097,1.04,1.107,1.212,1.123,0.64,0.237,0.183,0.988,1.077,0.418,0.331,0.589,1.339,0.358,0.353,0.366,0.183,1.086,0.616,0.464
Kompleks Kejuruteraan Elektrikal,0.804,0.311,0.376,0.275,0.233,0.185,0.484,0.433,0.865,1.123,1.079,1.11,0.657,0.545,0.55,1.502,1.269,0.232,0.477,0.317,0.274,0.39,0.44,0.427,0.366,0.889,0.877,0.323,0.81,0.709,0.544,1.266,0.821,0.809,0.814,0.0,0.124,1.283,0.634,0.838,0.584,0.395,0.456,0.417,0.462,0.46,0.415,0.63,0.151,1.31,1.262,1.248,1.181,1.169,1.135,1.101,1.112,1.18,1.171,1.211,1.211,1.148,1.165,1.067,1.079,1.006,1.06,1.075,1.076,1.085,1.556,1.376,1.322,1.361,1.356,1.309,1.328,1.222,1.195,1.246,0.972,0.951,0.979,0.934,0.693,0.731,0.713,0.755,0.646,0.636,0.386,0.613,0.657,0.874,0.58,1.177,1.111,1.307,0.831,1.076,1.076,1.085,0.972,0.821,1.028,0.727
Fakulti Kejuruteraan Kimia,0.92,0.207,0.338,0.224,0.26,0.246,0.592,0.546,0.899,1.118,1.029,1.097,0.673,0.571,0.593,1.473,1.25,0.198,0.468,0.379,0.35,0.486,0.539,0.547,0.486,1.009,0.814,0.405,0.926,0.824,0.547,1.271,0.801,0.766,0.765,0.124,0.0,1.235,0.714,0.859,0.611,0.435,0.526,0.487,0.476,0.498,0.435,0.602,0.264,1.278,1.233,1.223,1.16,1.139,1.11,1.08,1.092,1.165,1.16,1.199,1.196,1.137,1.156,1.059,1.069,0.994,1.029,1.046,1.051,1.062,1.531,1.354,1.31,1.347,1.347,1.307,1.323,1.222,1.201,1.258,1.011,1.008,1.069,1.046,0.803,0.844,0.821,0.867,0.769,0.756,0.449,0.589,0.627,0.965,0.699,1.151,1.079,1.293,0.954,1.058,1.057,1.066,0.935,0.926,1.056,0.753
Hotel UiTM Shah Alam,1.574,1.056,0.908,1.015,1.075,1.149,1.316,1.352,0.803,0.451,0.206,0.382,0.77,0.87,0.938,0.324,0.32,1.053,0.83,1.091,1.147,1.216,1.238,1.437,1.384,1.699,0.435,1.153,1.563,1.501,0.798,0.56,0.51,0.475,0.47,1.283,1.235,0.0,1.133,0.718,0.848,0.992,1.084,1.088,0.883,0.952,0.932,0.663,1.277,0.196,0.213,0.252,0.294,0.218,0.27,0.324,0.334,0.355,0.393,0.383,0.353,0.403,0.417,0.44,0.424,0.436,0.282,0.284,0.304,0.315,0.4,0.313,0.398,0.389,0.437,0.499,0.472,0.506,0.559,0.62,0.84,0.987,1.327,1.585,1.416,1.469,1.407,1.473,1.627,1.525,1.071,0.685,0.634,1.289,1.487,0.258,0.234,0.379,1.729,0.351,0.343,0.347,0.326,1.426,0.749,0.786
Kompleks Sukan UiTM Shah Alam,0.442,0.753,0.572,0.613,0.472,0.468,0.253,0.322,0.384,0.774,0.972,0.805,0.375,0.317,0.234,1.218,0.962,0.586,0.471,0.339,0.365,0.257,0.225,0.416,0.402,0.567,0.892,0.312,0.432,0.37,0.423,0.846,0.636,0.746,0.772,0.634,0.714,1.133,0.0,0.434,0.316,0.327,0.192,0.23,0.388,0.296,0.379,0.581,0.498,1.061,1.009,0.977,0.903,0.939,0.888,0.835,0.835,0.869,0.842,0.88,0.895,0.819,0.824,0.743,0.76,0.714,0.852,0.853,0.837,0.833,1.246,1.073,0.975,1.021,0.993,0.916,0.947,0.829,0.779,0.799,0.442,0.357,0.363,0.477,0.283,0.336,0.275,0.342,0.528,0.411,0.272,0.555,0.603,0.264,0.387,0.92,0.903,0.969,0.6,0.805,0.811,0.812,0.823,0.315,0.538,0.347
Perindu 1,0.866,0.786,0.56,0.662,0.608,0.657,0.657,0.712,0.1,0.342,0.585,0.371,0.187,0.294,0.308,0.785,0.528,0.668,0.408,0.539,0.596,0.594,0.595,0.807,0.771,0.99,0.586,0.573,0.854,0.802,0.32,0.442,0.28,0.432,0.464,0.838,0.859,0.718,0.434,0.0,0.254,0.446,0.456,0.478,0.384,0.382,0.427,0.37,0.757,0.629,0.577,0.544,0.47,0.513,0.46,0.406,0.404,0.436,0.409,0.448,0.462,0.386,0.392,0.309,0.326,0.286,0.437,0.434,0.415,0.407,0.815,0.64,0.547,0.592,0.569,0.501,0.528,0.411,0.371,0.412,0.199,0.305,0.619,0.868,0.714,0.764,0.701,0.765,0.957,0.843,0.485,0.358,0.371,0.572,0.815,0.489,0.484,0.539,1.032,0.376,0.382,0.383,0.437,0.71,0.201,0.114
Pusat Kokurikulum,0.748,0.562,0.34,0.428,0.355,0.402,0.467,0.506,0.29,0.564,0.672,0.571,0.084,0.04,0.09,0.986,0.735,0.426,0.196,0.289,0.347,0.374,0.39,0.596,0.549,0.873,0.577,0.331,0.74,0.665,0.12,0.69,0.339,0.432,0.457,0.584,0.611,0.848,0.316,0.254,0.0,0.192,0.238,0.248,0.141,0.129,0.176,0.266,0.506,0.809,0.757,0.732,0.659,0.675,0.629,0.582,0.587,0.641,0.623,0.663,0.671,0.599,0.611,0.516,0.531,0.468,0.575,0.582,0.572,0.574,1.028,0.847,0.771,0.814,0.799,0.741,0.764,0.651,0.618,0.664,0.404,0.432,0.632,0.793,0.586,0.641,0.583,0.651,0.779,0.679,0.243,0.241,0.288,0.551,0.639,0.666,0.629,0.759,0.889,0.553,0.556,0.562,0.527,0.631,0.446,0.143
Ibu Pejabat Polis Bantuan UiTM,0.689,0.431,0.247,0.29,0.174,0.212,0.359,0.374,0.47,0.751,0.8,0.75,0.271,0.153,0.159,1.16,0.913,0.27,0.183,0.102,0.161,0.237,0.275,0.45,0.393,0.807,0.657,0.161,0.686,0.595,0.194,0.881,0.487,0.536,0.553,0.395,0.435,0.992,0.327,0.446,0.192,0.0,0.148,0.124,0.11,0.065,0.068,0.342,0.315,0.976,0.926,0.904,0.833,0.839,0.797,0.754,0.761,0.821,0.806,0.847,0.851,0.782,0.796,0.699,0.713,0.646,0.733,0.743,0.738,0.743,1.206,1.025,0.956,0.998,0.986,0.93,0.953,0.842,0.81,0.856,0.579,0.575,0.689,0.769,0.533,0.587,0.538,0.602,0.661,0.58,0.089,0.316,0.371,0.591,0.531,0.836,0.787,0.943,0.8,0.726,0.728,0.735,0.667,0.616,0.633,0.333
Kolej Teratai 1,0.545,0.563,0.394,0.424,0.28,0.28,0.233,0.269,0.448,0.789,0.903,0.803,0.32,0.215,0.153,1.22,0.966,0.395,0.321,0.148,0.182,0.139,0.153,0.359,0.316,0.666,0.783,0.136,0.541,0.454,0.303,0.896,0.574,0.65,0.672,0.456,0.526,1.084,0.192,0.456,0.238,0.148,0.0,0.04,0.238,0.145,0.212,0.464,0.333,1.045,0.993,0.967,0.894,0.912,0.866,0.818,0.822,0.872,0.852,0.892,0.901,0.827,0.838,0.746,0.761,0.702,0.813,0.819,0.81,0.811,1.258,1.079,0.997,1.041,1.021,0.956,0.982,0.866,0.826,0.861,0.54,0.499,0.555,0.621,0.387,0.441,0.391,0.456,0.545,0.451,0.08,0.437,0.491,0.454,0.407,0.903,0.867,0.986,0.668,0.789,0.792,0.797,0.761,0.468,0.615,0.344
Kolej Teratai 2,0.565,0.527,0.365,0.388,0.242,0.241,0.239,0.264,0.477,0.807,0.903,0.817,0.332,0.22,0.171,1.234,0.981,0.358,0.305,0.108,0.143,0.128,0.155,0.349,0.301,0.683,0.774,0.101,0.561,0.471,0.297,0.92,0.578,0.645,0.665,0.417,0.487,1.088,0.23,0.478,0.248,0.124,0.04,0.0,0.225,0.138,0.192,0.455,0.297,1.056,1.005,0.98,0.907,0.922,0.876,0.829,0.834,0.887,0.868,0.908,0.917,0.844,0.855,0.762,0.777,0.715,0.82,0.828,0.819,0.821,1.274,1.094,1.015,1.058,1.041,0.977,1.003,0.888,0.849,0.887,0.572,0.536,0.592,0.647,0.409,0.462,0.415,0.479,0.547,0.46,0.044,0.429,0.483,0.491,0.412,0.914,0.874,1.004,0.679,0.801,0.804,0.809,0.764,0.497,0.644,0.365
kolej teratai,0.784,0.421,0.203,0.287,0.23,0.289,0.464,0.483,0.429,0.663,0.691,0.655,0.197,0.105,0.167,1.06,0.817,0.286,0.084,0.208,0.264,0.346,0.38,0.56,0.503,0.905,0.549,0.271,0.779,0.692,0.088,0.804,0.382,0.425,0.444,0.462,0.476,0.883,0.388,0.384,0.141,0.11,0.238,0.225,0.0,0.095,0.051,0.232,0.408,0.874,0.824,0.804,0.734,0.735,0.695,0.654,0.663,0.726,0.714,0.754,0.757,0.69,0.706,0.608,0.621,0.55,0.628,0.639,0.635,0.641,1.109,0.928,0.865,0.906,0.897,0.847,0.867,0.76,0.733,0.786,0.544,0.569,0.737,0.852,0.624,0.679,0.627,0.693,0.769,0.685,0.196,0.207,0.261,0.646,0.637,0.735,0.682,0.85,0.904,0.628,0.629,0.636,0.558,0.695,0.581,0.28
Kolej Teratai 3,0.689,0.481,0.279,0.34,0.238,0.276,0.376,0.402,0.405,0.692,0.765,0.695,0.211,0.093,0.097,1.108,0.859,0.326,0.179,0.16,0.218,0.265,0.293,0.485,0.433,0.811,0.638,0.207,0.684,0.599,0.159,0.819,0.443,0.507,0.528,0.46,0.498,0.952,0.296,0.382,0.129,0.065,0.145,0.138,0.095,0.0,0.085,0.319,0.376,0.927,0.876,0.853,0.781,0.791,0.747,0.702,0.708,0.766,0.749,0.79,0.796,0.725,0.739,0.643,0.657,0.591,0.687,0.696,0.689,0.692,1.152,0.971,0.898,0.941,0.927,0.87,0.893,0.781,0.747,0.793,0.514,0.515,0.651,0.757,0.529,0.584,0.532,0.598,0.685,0.595,0.12,0.292,0.346,0.557,0.549,0.785,0.741,0.886,0.813,0.674,0.677,0.683,0.627,0.6,0.568,0.268
Kolej Delima 2,0.756,0.399,0.194,0.26,0.182,0.239,0.428,0.442,0.465,0.713,0.738,0.706,0.242,0.137,0.177,1.112,0.868,0.252,0.115,0.159,0.214,0.305,0.344,0.516,0.457,0.875,0.589,0.225,0.752,0.662,0.139,0.852,0.433,0.471,0.488,0.415,0.435,0.932,0.379,0.427,0.176,0.068,0.212,0.192,0.051,0.085,0.0,0.277,0.357,0.925,0.875,0.855,0.785,0.786,0.746,0.705,0.714,0.777,0.765,0.805,0.808,0.741,0.756,0.659,0.672,0.601,0.679,0.69,0.687,0.693,1.16,0.979,0.915,0.956,0.947,0.896,0.917,0.809,0.781,0.832,0.578,0.592,0.736,0.832,0.598,0.653,0.603,0.668,0.729,0.649,0.157,0.252,0.306,0.641,0.599,0.786,0.733,0.901,0.869,0.679,0.68,0.687,0.608,0.677,0.621,0.319
UITM FACILITIES CENTER,1.003,0.467,0.264,0.379,0.413,0.486,0.694,0.715,0.457,0.529,0.465,0.499,0.235,0.264,0.348,0.873,0.649,0.407,0.167,0.435,0.488,0.578,0.611,0.792,0.734,1.126,0.319,0.501,0.996,0.915,0.162,0.696,0.201,0.195,0.211,0.63,0.602,0.663,0.581,0.37,0.266,0.342,0.464,0.455,0.232,0.319,0.277,0.0,0.614,0.68,0.633,0.621,0.558,0.54,0.508,0.478,0.491,0.565,0.563,0.602,0.597,0.542,0.562,0.468,0.476,0.4,0.43,0.446,0.449,0.46,0.929,0.752,0.711,0.747,0.75,0.719,0.73,0.64,0.631,0.697,0.568,0.647,0.893,1.057,0.841,0.897,0.841,0.908,1.001,0.914,0.429,0.027,0.03,0.815,0.868,0.55,0.481,0.694,1.131,0.457,0.455,0.465,0.344,0.895,0.561,0.321
Faculty of Civil Engineering,0.656,0.412,0.393,0.326,0.205,0.13,0.333,0.282,0.768,1.065,1.077,1.063,0.586,0.468,0.452,1.468,1.225,0.276,0.448,0.217,0.161,0.245,0.293,0.287,0.223,0.745,0.897,0.197,0.661,0.56,0.496,1.195,0.788,0.805,0.815,0.151,0.264,1.277,0.498,0.757,0.506,0.315,0.333,0.297,0.408,0.376,0.357,0.614,0.0,1.281,1.231,1.212,1.142,1.141,1.102,1.062,1.071,1.133,1.12,1.16,1.164,1.096,1.11,1.013,1.027,0.958,1.033,1.045,1.043,1.049,1.517,1.336,1.27,1.312,1.301,1.246,1.268,1.157,1.124,1.168,0.868,0.831,0.833,0.783,0.542,0.581,0.561,0.605,0.515,0.492,0.276,0.592,0.643,0.728,0.436,1.142,1.086,1.256,0.695,1.036,1.037,1.044,0.956,0.67,0.935,0.642
Dewan Sri Budiman,1.494,1.119,0.941,1.055,1.087,1.157,1.269,1.314,0.7,0.309,0.305,0.259,0.725,0.838,0.893,0.195,0.137,1.086,0.836,1.079,1.137,1.183,1.196,1.404,1.357,1.618,0.535,1.133,1.482,1.43,0.786,0.378,0.493,0.518,0.526,1.31,1.278,0.196,1.061,0.629,0.809,0.976,1.045,1.056,0.874,0.927,0.925,0.68,1.281,0.0,0.052,0.087,0.159,0.14,0.18,0.228,0.226,0.204,0.24,0.217,0.189,0.258,0.264,0.322,0.304,0.348,0.25,0.236,0.239,0.235,0.26,0.122,0.205,0.193,0.242,0.31,0.28,0.332,0.39,0.443,0.713,0.863,1.209,1.489,1.342,1.393,1.33,1.394,1.577,1.467,1.047,0.697,0.653,1.183,1.434,0.143,0.2,0.188,1.66,0.257,0.253,0.25,0.346,1.334,0.612,0.718
Dewan Annexe,1.443,1.077,0.896,1.009,1.038,1.107,1.216,1.262,0.649,0.262,0.283,0.208,0.673,0.786,0.841,0.24,0.107,1.04,0.788,1.028,1.086,1.131,1.144,1.352,1.305,1.567,0.505,1.082,1.43,1.378,0.736,0.348,0.443,0.477,0.486,1.262,1.233,0.213,1.009,0.577,0.757,0.926,0.993,1.005,0.824,0.876,0.875,0.633,1.231,0.052,0.0,0.041,0.107,0.094,0.129,0.176,0.174,0.157,0.195,0.176,0.147,0.211,0.219,0.271,0.254,0.295,0.204,0.187,0.188,0.184,0.299,0.138,0.189,0.189,0.231,0.286,0.261,0.296,0.352,0.409,0.665,0.815,1.161,1.438,1.29,1.341,1.278,1.342,1.524,1.415,0.996,0.649,0.607,1.133,1.382,0.091,0.156,0.169,1.608,0.205,0.201,0.198,0.304,1.283,0.566,0.665
Chancellery,1.409,1.072,0.884,0.999,1.022,1.09,1.188,1.235,0.613,0.223,0.301,0.173,0.648,0.762,0.814,0.256,0.071,1.028,0.772,1.007,1.065,1.106,1.118,1.326,1.281,1.533,0.515,1.059,1.396,1.346,0.717,0.308,0.427,0.473,0.486,1.248,1.223,0.252,0.977,0.544,0.732,0.904,0.967,0.98,0.804,0.853,0.855,0.621,1.212,0.087,0.041,0.0,0.074,0.095,0.113,0.151,0.145,0.118,0.155,0.135,0.106,0.172,0.179,0.236,0.219,0.266,0.197,0.177,0.172,0.163,0.308,0.134,0.157,0.165,0.202,0.25,0.226,0.256,0.311,0.369,0.627,0.776,1.122,1.402,1.258,1.308,1.245,1.309,1.495,1.384,0.972,0.636,0.596,1.097,1.353,0.071,0.157,0.136,1.576,0.179,0.176,0.171,0.302,1.248,0.526,0.636
Menara Sultan Abdul Aziz Shah,1.336,1.015,0.822,0.937,0.954,1.021,1.114,1.161,0.541,0.159,0.292,0.1,0.575,0.69,0.741,0.328,0.093,0.964,0.705,0.936,0.994,1.032,1.044,1.253,1.208,1.46,0.483,0.987,1.323,1.272,0.647,0.279,0.361,0.423,0.439,1.181,1.16,0.294,0.903,0.47,0.659,0.833,0.894,0.907,0.734,0.781,0.785,0.558,1.142,0.159,0.107,0.074,0.0,0.086,0.063,0.081,0.072,0.061,0.099,0.098,0.071,0.109,0.123,0.164,0.146,0.192,0.15,0.127,0.113,0.098,0.375,0.195,0.173,0.198,0.218,0.238,0.226,0.219,0.267,0.332,0.56,0.709,1.054,1.331,1.184,1.234,1.172,1.236,1.421,1.31,0.9,0.571,0.534,1.026,1.278,0.039,0.127,0.152,1.502,0.107,0.105,0.098,0.258,1.176,0.462,0.561
"bahgian pe,bangunan organisasi",1.377,0.983,0.802,0.915,0.947,1.017,1.138,1.181,0.592,0.235,0.211,0.164,0.592,0.702,0.761,0.333,0.156,0.947,0.696,0.941,0.998,1.049,1.065,1.271,1.222,1.502,0.419,0.996,1.365,1.308,0.647,0.365,0.353,0.383,0.393,1.169,1.139,0.218,0.939,0.513,0.675,0.839,0.912,0.922,0.735,0.791,0.786,0.54,1.141,0.14,0.094,0.095,0.086,0.0,0.053,0.109,0.117,0.147,0.183,0.184,0.156,0.189,0.206,0.223,0.206,0.227,0.11,0.096,0.103,0.106,0.393,0.227,0.244,0.258,0.29,0.322,0.306,0.305,0.351,0.418,0.623,0.771,1.113,1.38,1.222,1.274,1.211,1.276,1.448,1.341,0.911,0.557,0.513,1.079,1.306,0.047,0.062,0.222,1.538,0.137,0.13,0.132,0.21,1.222,0.531,0.592
Jabatan Sain Ukurdan Geomatik,1.325,0.96,0.772,0.886,0.911,0.979,1.09,1.135,0.539,0.187,0.234,0.114,0.546,0.658,0.714,0.367,0.154,0.915,0.66,0.899,0.957,1.003,1.017,1.225,1.177,1.45,0.42,0.953,1.313,1.257,0.607,0.332,0.315,0.364,0.378,1.135,1.11,0.27,0.888,0.46,0.629,0.797,0.866,0.876,0.695,0.747,0.746,0.508,1.102,0.18,0.129,0.113,0.063,0.053,0.0,0.055,0.064,0.112,0.144,0.155,0.131,0.145,0.165,0.17,0.154,0.174,0.088,0.066,0.06,0.055,0.421,0.246,0.236,0.259,0.281,0.298,0.288,0.268,0.31,0.38,0.57,0.718,1.06,1.327,1.171,1.222,1.16,1.225,1.399,1.291,0.867,0.523,0.483,1.026,1.257,0.041,0.067,0.214,1.488,0.084,0.078,0.079,0.196,1.17,0.479,0.542
DKB,1.271,0.937,0.742,0.857,0.873,0.941,1.041,1.086,0.484,0.143,0.267,0.068,0.498,0.612,0.665,0.407,0.171,0.884,0.624,0.856,0.914,0.956,0.969,1.177,1.131,1.396,0.427,0.909,1.259,1.204,0.566,0.304,0.28,0.351,0.369,1.101,1.08,0.324,0.835,0.406,0.582,0.754,0.818,0.829,0.654,0.702,0.705,0.478,1.062,0.228,0.176,0.151,0.081,0.109,0.055,0.0,0.019,0.098,0.117,0.142,0.126,0.109,0.132,0.117,0.101,0.121,0.095,0.072,0.047,0.025,0.455,0.276,0.241,0.272,0.284,0.284,0.28,0.239,0.272,0.345,0.516,0.663,1.005,1.272,1.117,1.168,1.106,1.171,1.349,1.239,0.821,0.491,0.454,0.971,1.206,0.085,0.104,0.221,1.435,0.029,0.026,0.023,0.195,1.115,0.425,0.49
Jabatan Sains Ukur & Geomatik,1.269,0.952,0.755,0.87,0.884,0.95,1.043,1.09,0.479,0.126,0.285,0.051,0.503,0.618,0.669,0.4,0.158,0.896,0.635,0.863,0.922,0.96,0.972,1.181,1.136,1.394,0.446,0.915,1.257,1.204,0.575,0.285,0.292,0.368,0.387,1.112,1.092,0.334,0.835,0.404,0.587,0.761,0.822,0.834,0.663,0.708,0.714,0.491,1.071,0.226,0.174,0.145,0.072,0.117,0.064,0.019,0.0,0.08,0.098,0.123,0.109,0.09,0.113,0.106,0.09,0.121,0.114,0.092,0.066,0.044,0.446,0.266,0.224,0.257,0.267,0.265,0.262,0.22,0.254,0.327,0.507,0.655,0.998,1.268,1.117,1.167,1.105,1.169,1.351,1.24,0.828,0.503,0.468,0.965,1.208,0.086,0.12,0.205,1.434,0.035,0.036,0.026,0.214,1.112,0.414,0.491
Block A Faculty of Applied Science,1.298,1.028,0.828,0.943,0.95,1.015,1.088,1.138,0.499,0.105,0.347,0.071,0.557,0.674,0.719,0.35,0.094,0.968,0.703,0.923,0.982,1.011,1.02,1.231,1.188,1.421,0.523,0.971,1.285,1.237,0.64,0.22,0.365,0.448,0.467,1.18,1.165,0.355,0.869,0.436,0.641,0.821,0.872,0.887,0.726,0.766,0.777,0.565,1.133,0.204,0.157,0.118,0.061,0.147,0.112,0.098,0.08,0.0,0.038,0.044,0.031,0.054,0.063,0.128,0.111,0.176,0.189,0.165,0.143,0.123,0.387,0.207,0.146,0.182,0.188,0.188,0.182,0.158,0.205,0.272,0.509,0.659,1.005,1.287,1.148,1.198,1.135,1.198,1.392,1.279,0.883,0.576,0.543,0.981,1.249,0.1,0.179,0.128,1.467,0.111,0.115,0.103,0.293,1.135,0.409,0.534
Block A Faculty of Applied Science,1.268,1.029,0.824,0.939,0.94,1.003,1.064,1.116,0.469,0.07,0.377,0.066,0.539,0.657,0.699,0.376,0.12,0.962,0.696,0.908,0.966,0.991,0.998,1.209,1.168,1.391,0.543,0.954,1.255,1.208,0.629,0.189,0.363,0.458,0.479,1.171,1.16,0.393,0.842,0.409,0.623,0.806,0.852,0.868,0.714,0.749,0.765,0.563,1.12,0.24,0.195,0.155,0.099,0.183,0.144,0.117,0.098,0.038,0.0,0.041,0.054,0.024,0.024,0.107,0.093,0.166,0.212,0.188,0.164,0.142,0.407,0.231,0.151,0.192,0.187,0.169,0.17,0.125,0.168,0.236,0.474,0.624,0.97,1.255,1.12,1.169,1.106,1.168,1.366,1.252,0.866,0.572,0.542,0.947,1.224,0.137,0.209,0.137,1.438,0.121,0.127,0.114,0.311,1.103,0.372,0.511
Block A Faculty Of Applied Sciences,1.304,1.066,0.863,0.978,0.98,1.044,1.104,1.156,0.504,0.106,0.389,0.103,0.58,0.697,0.739,0.339,0.086,1.002,0.735,0.948,1.007,1.031,1.037,1.249,1.208,1.426,0.567,0.995,1.29,1.245,0.669,0.181,0.401,0.49,0.51,1.211,1.199,0.383,0.88,0.448,0.663,0.847,0.892,0.908,0.754,0.79,0.805,0.602,1.16,0.217,0.176,0.135,0.098,0.184,0.155,0.142,0.123,0.044,0.041,0.0,0.03,0.065,0.055,0.147,0.133,0.206,0.233,0.209,0.187,0.166,0.368,0.193,0.111,0.151,0.149,0.144,0.139,0.123,0.176,0.237,0.503,0.653,0.999,1.288,1.156,1.205,1.142,1.204,1.405,1.29,0.906,0.611,0.58,0.98,1.262,0.137,0.222,0.096,1.475,0.152,0.157,0.144,0.337,1.137,0.4,0.55
Block A Faculty Of Applied Sciences,1.322,1.059,0.859,0.974,0.981,1.046,1.116,1.166,0.522,0.124,0.363,0.101,0.586,0.704,0.748,0.323,0.067,0.999,0.735,0.953,1.012,1.04,1.048,1.259,1.217,1.444,0.548,1.001,1.308,1.262,0.671,0.21,0.396,0.476,0.495,1.211,1.196,0.353,0.895,0.462,0.671,0.851,0.901,0.917,0.757,0.796,0.808,0.597,1.164,0.189,0.147,0.106,0.071,0.156,0.131,0.126,0.109,0.031,0.054,0.03,0.0,0.076,0.076,0.156,0.14,0.207,0.213,0.189,0.169,0.15,0.357,0.179,0.116,0.151,0.158,0.168,0.158,0.153,0.206,0.267,0.526,0.676,1.023,1.308,1.173,1.222,1.159,1.222,1.419,1.305,0.913,0.607,0.574,1.001,1.276,0.109,0.197,0.097,1.491,0.141,0.144,0.133,0.319,1.157,0.424,0.561
DK Beta,1.246,1.008,0.802,0.917,0.917,0.979,1.04,1.092,0.447,0.051,0.374,0.049,0.515,0.633,0.675,0.399,0.143,0.94,0.672,0.883,0.942,0.967,0.974,1.185,1.143,1.368,0.531,0.93,1.232,1.185,0.605,0.195,0.342,0.441,0.463,1.148,1.137,0.403,0.819,0.386,0.599,0.782,0.827,0.844,0.69,0.725,0.741,0.542,1.096,0.258,0.211,0.172,0.109,0.189,0.145,0.109,0.09,0.054,0.024,0.065,0.076,0.0,0.024,0.083,0.069,0.143,0.204,0.182,0.156,0.134,0.432,0.254,0.174,0.216,0.209,0.184,0.19,0.13,0.165,0.237,0.455,0.605,0.951,1.234,1.097,1.146,1.083,1.146,1.343,1.229,0.841,0.55,0.521,0.927,1.2,0.145,0.208,0.161,1.415,0.108,0.115,0.102,0.299,1.081,0.355,0.487
DK Alfa,1.248,1.029,0.822,0.936,0.933,0.995,1.049,1.101,0.449,0.05,0.396,0.072,0.528,0.646,0.686,0.395,0.14,0.958,0.69,0.897,0.956,0.977,0.983,1.195,1.154,1.371,0.555,0.943,1.235,1.19,0.621,0.171,0.362,0.464,0.487,1.165,1.156,0.417,0.824,0.392,0.611,0.796,0.838,0.855,0.706,0.739,0.756,0.562,1.11,0.264,0.219,0.179,0.123,0.206,0.165,0.132,0.113,0.063,0.024,0.055,0.076,0.024,0.0,0.098,0.087,0.163,0.227,0.205,0.179,0.157,0.423,0.249,0.16,0.203,0.191,0.161,0.168,0.106,0.145,0.215,0.451,0.601,0.947,1.233,1.101,1.149,1.087,1.149,1.35,1.235,0.854,0.57,0.542,0.926,1.207,0.16,0.229,0.148,1.419,0.132,0.139,0.126,0.323,1.082,0.349,0.496
DK Delta,1.173,0.934,0.725,0.84,0.835,0.897,0.96,1.011,0.377,0.062,0.371,0.064,0.432,0.55,0.593,0.478,0.221,0.861,0.593,0.801,0.86,0.885,0.893,1.104,1.062,1.297,0.493,0.847,1.16,1.11,0.523,0.239,0.27,0.385,0.411,1.067,1.059,0.44,0.743,0.309,0.516,0.699,0.746,0.762,0.608,0.643,0.659,0.468,1.013,0.322,0.271,0.236,0.164,0.223,0.17,0.117,0.106,0.128,0.107,0.147,0.156,0.083,0.098,0.0,0.018,0.07,0.194,0.177,0.15,0.132,0.513,0.334,0.257,0.299,0.289,0.252,0.264,0.177,0.187,0.261,0.401,0.549,0.892,1.167,1.022,1.072,1.009,1.073,1.264,1.151,0.759,0.474,0.449,0.862,1.121,0.189,0.219,0.243,1.34,0.095,0.103,0.096,0.266,1.012,0.309,0.406
DK Gamma & DK Bestari,1.191,0.942,0.735,0.849,0.848,0.91,0.977,1.027,0.395,0.059,0.36,0.046,0.447,0.565,0.608,0.461,0.205,0.872,0.604,0.815,0.874,0.901,0.909,1.12,1.077,1.314,0.49,0.862,1.178,1.128,0.536,0.238,0.276,0.386,0.411,1.079,1.069,0.424,0.76,0.326,0.531,0.713,0.761,0.777,0.621,0.657,0.672,0.476,1.027,0.304,0.254,0.219,0.146,0.206,0.154,0.101,0.09,0.111,0.093,0.133,0.14,0.069,0.087,0.018,0.0,0.076,0.183,0.165,0.137,0.118,0.497,0.318,0.243,0.285,0.278,0.245,0.255,0.174,0.19,0.265,0.418,0.566,0.91,1.184,1.04,1.09,1.027,1.09,1.281,1.169,0.774,0.483,0.456,0.88,1.138,0.172,0.205,0.229,1.358,0.082,0.09,0.081,0.26,1.03,0.325,0.423
Block F Faculty Of Applied Sciences,1.151,0.866,0.659,0.774,0.775,0.839,0.922,0.969,0.367,0.132,0.335,0.105,0.383,0.499,0.549,0.519,0.268,0.797,0.53,0.748,0.806,0.84,0.851,1.061,1.016,1.275,0.432,0.797,1.139,1.084,0.464,0.308,0.2,0.317,0.344,1.006,0.994,0.436,0.714,0.286,0.468,0.646,0.702,0.715,0.55,0.591,0.601,0.4,0.958,0.348,0.295,0.266,0.192,0.227,0.174,0.121,0.121,0.176,0.166,0.206,0.207,0.143,0.163,0.07,0.076,0.0,0.164,0.154,0.131,0.122,0.561,0.38,0.316,0.356,0.352,0.32,0.331,0.247,0.252,0.326,0.411,0.554,0.892,1.153,0.997,1.048,0.985,1.05,1.229,1.119,0.709,0.408,0.38,0.854,1.087,0.205,0.203,0.301,1.314,0.091,0.097,0.098,0.212,0.996,0.331,0.37
irmi,1.292,0.875,0.692,0.805,0.838,0.908,1.041,1.082,0.526,0.233,0.177,0.16,0.494,0.601,0.663,0.443,0.242,0.836,0.587,0.835,0.892,0.948,0.966,1.169,1.119,1.418,0.335,0.892,1.281,1.22,0.541,0.399,0.246,0.277,0.29,1.06,1.029,0.282,0.852,0.437,0.575,0.733,0.813,0.82,0.628,0.687,0.679,0.43,1.033,0.25,0.204,0.197,0.15,0.11,0.088,0.095,0.114,0.189,0.212,0.233,0.213,0.204,0.227,0.194,0.183,0.164,0.0,0.024,0.049,0.07,0.502,0.331,0.322,0.347,0.368,0.376,0.37,0.334,0.365,0.439,0.574,0.717,1.051,1.304,1.135,1.188,1.126,1.192,1.353,1.248,0.807,0.447,0.403,1.009,1.211,0.127,0.054,0.301,1.45,0.102,0.094,0.105,0.108,1.144,0.493,0.504
malaysiuan institut transport,1.293,0.894,0.709,0.823,0.852,0.921,1.047,1.088,0.52,0.213,0.196,0.139,0.5,0.608,0.669,0.427,0.219,0.853,0.601,0.845,0.903,0.955,0.972,1.177,1.128,1.418,0.359,0.901,1.281,1.222,0.552,0.376,0.257,0.298,0.312,1.075,1.046,0.284,0.853,0.434,0.582,0.743,0.819,0.828,0.639,0.696,0.69,0.446,1.045,0.236,0.187,0.177,0.127,0.096,0.066,0.072,0.092,0.165,0.188,0.209,0.189,0.182,0.205,0.177,0.165,0.154,0.024,0.0,0.028,0.049,0.484,0.311,0.299,0.324,0.344,0.353,0.346,0.311,0.344,0.417,0.564,0.709,1.045,1.301,1.136,1.189,1.127,1.192,1.357,1.251,0.816,0.462,0.42,1.005,1.216,0.107,0.05,0.278,1.452,0.083,0.075,0.085,0.131,1.143,0.48,0.506
MITRAN,1.276,0.903,0.712,0.827,0.851,0.919,1.035,1.078,0.499,0.185,0.224,0.111,0.489,0.6,0.658,0.427,0.206,0.856,0.6,0.84,0.898,0.946,0.962,1.168,1.12,1.401,0.38,0.895,1.265,1.207,0.548,0.35,0.255,0.31,0.327,1.076,1.051,0.304,0.837,0.415,0.572,0.738,0.81,0.819,0.635,0.689,0.687,0.449,1.043,0.239,0.188,0.172,0.113,0.103,0.06,0.047,0.066,0.143,0.164,0.187,0.169,0.156,0.179,0.15,0.137,0.131,0.049,0.028,0.0,0.022,0.48,0.304,0.282,0.31,0.327,0.33,0.325,0.285,0.317,0.39,0.54,0.685,1.023,1.282,1.121,1.173,1.11,1.176,1.345,1.238,0.809,0.464,0.424,0.984,1.203,0.101,0.072,0.262,1.437,0.055,0.047,0.057,0.15,1.124,0.454,0.49
JABATAN SAINS UKUR DAN GEOMATIK BLOK A,1.271,0.917,0.724,0.839,0.859,0.927,1.035,1.079,0.489,0.164,0.244,0.09,0.49,0.603,0.658,0.419,0.191,0.867,0.609,0.845,0.903,0.948,0.962,1.169,1.122,1.396,0.401,0.899,1.259,1.203,0.554,0.328,0.264,0.327,0.345,1.085,1.062,0.315,0.833,0.407,0.574,0.743,0.811,0.821,0.641,0.692,0.693,0.46,1.049,0.235,0.184,0.163,0.098,0.106,0.055,0.025,0.044,0.123,0.142,0.166,0.15,0.134,0.157,0.132,0.118,0.122,0.07,0.049,0.022,0.0,0.47,0.292,0.264,0.293,0.308,0.309,0.305,0.263,0.295,0.369,0.526,0.672,1.012,1.275,1.116,1.168,1.106,1.171,1.344,1.236,0.812,0.474,0.436,0.975,1.202,0.093,0.087,0.244,1.433,0.037,0.028,0.037,0.17,1.117,0.438,0.487
National Design Centre,1.664,1.377,1.193,1.307,1.329,1.396,1.472,1.523,0.866,0.473,0.559,0.457,0.943,1.06,1.106,0.076,0.293,1.336,1.079,1.308,1.367,1.398,1.405,1.616,1.574,1.784,0.793,1.358,1.649,1.609,1.021,0.437,0.735,0.776,0.785,1.556,1.531,0.4,1.246,0.815,1.028,1.206,1.258,1.274,1.109,1.152,1.16,0.929,1.517,0.26,0.299,0.308,0.375,0.393,0.421,0.455,0.446,0.387,0.407,0.368,0.357,0.432,0.423,0.513,0.497,0.561,0.502,0.484,0.48,0.47,0.0,0.181,0.272,0.227,0.265,0.354,0.317,0.428,0.487,0.503,0.848,0.993,1.336,1.638,1.52,1.567,1.505,1.565,1.772,1.657,1.27,0.944,0.904,1.328,1.63,0.38,0.455,0.277,1.837,0.481,0.48,0.472,0.603,1.493,0.741,0.918
m,1.497,1.205,1.016,1.131,1.149,1.215,1.294,1.345,0.697,0.299,0.42,0.277,0.763,0.879,0.926,0.146,0.113,1.159,0.9,1.127,1.186,1.218,1.227,1.438,1.395,1.618,0.643,1.177,1.483,1.438,0.841,0.306,0.556,0.607,0.62,1.376,1.354,0.313,1.073,0.64,0.847,1.025,1.079,1.094,0.928,0.971,0.979,0.752,1.336,0.122,0.138,0.134,0.195,0.227,0.246,0.276,0.266,0.207,0.231,0.193,0.179,0.254,0.249,0.334,0.318,0.38,0.331,0.311,0.304,0.292,0.181,0.0,0.121,0.088,0.142,0.227,0.191,0.278,0.339,0.374,0.69,0.839,1.185,1.478,1.35,1.398,1.335,1.397,1.597,1.483,1.089,0.766,0.727,1.169,1.454,0.204,0.289,0.115,1.668,0.301,0.3,0.292,0.436,1.329,0.585,0.74
Budisiswa,1.392,1.174,0.973,1.088,1.091,1.154,1.205,1.258,0.594,0.207,0.455,0.213,0.687,0.806,0.845,0.259,0.088,1.112,0.846,1.057,1.116,1.136,1.14,1.353,1.313,1.512,0.655,1.102,1.377,1.337,0.779,0.186,0.51,0.591,0.609,1.322,1.31,0.398,0.975,0.547,0.771,0.956,0.997,1.015,0.865,0.898,0.915,0.711,1.27,0.205,0.189,0.157,0.173,0.244,0.236,0.241,0.224,0.146,0.151,0.111,0.116,0.174,0.16,0.257,0.243,0.316,0.322,0.299,0.282,0.264,0.272,0.121,0.0,0.045,0.046,0.108,0.075,0.16,0.221,0.253,0.578,0.725,1.069,1.368,1.248,1.295,1.233,1.293,1.503,1.387,1.014,0.721,0.689,1.058,1.36,0.203,0.297,0.022,1.565,0.257,0.26,0.249,0.43,1.221,0.471,0.653
budisiswa,1.437,1.208,1.01,1.125,1.131,1.195,1.25,1.303,0.639,0.251,0.466,0.251,0.73,0.848,0.888,0.217,0.105,1.15,0.885,1.099,1.158,1.18,1.185,1.397,1.357,1.557,0.676,1.146,1.423,1.382,0.82,0.222,0.547,0.62,0.636,1.361,1.347,0.389,1.021,0.592,0.814,0.998,1.041,1.058,0.906,0.941,0.956,0.747,1.312,0.193,0.189,0.165,0.198,0.258,0.259,0.272,0.257,0.182,0.192,0.151,0.151,0.216,0.203,0.299,0.285,0.356,0.347,0.324,0.31,0.293,0.227,0.088,0.045,0.0,0.054,0.141,0.104,0.203,0.263,0.291,0.622,0.769,1.113,1.412,1.293,1.34,1.278,1.338,1.548,1.432,1.057,0.758,0.724,1.102,1.406,0.222,0.316,0.055,1.611,0.291,0.293,0.282,0.455,1.266,0.515,0.698
nn,1.403,1.215,1.011,1.126,1.124,1.186,1.226,1.281,0.609,0.235,0.501,0.251,0.716,0.835,0.87,0.265,0.134,1.149,0.881,1.087,1.145,1.161,1.163,1.376,1.338,1.522,0.701,1.13,1.388,1.351,0.813,0.174,0.549,0.635,0.653,1.356,1.347,0.437,0.993,0.569,0.799,0.986,1.021,1.041,0.897,0.927,0.947,0.75,1.301,0.242,0.231,0.202,0.218,0.29,0.281,0.284,0.267,0.188,0.187,0.149,0.158,0.209,0.191,0.289,0.278,0.352,0.368,0.344,0.327,0.308,0.265,0.142,0.046,0.054,0.0,0.091,0.053,0.166,0.223,0.242,0.584,0.729,1.071,1.374,1.262,1.308,1.246,1.305,1.521,1.403,1.041,0.759,0.728,1.064,1.379,0.249,0.343,0.068,1.578,0.299,0.302,0.29,0.475,1.23,0.477,0.678
hep,1.32,1.186,0.975,1.089,1.076,1.135,1.154,1.211,0.532,0.191,0.531,0.233,0.66,0.778,0.807,0.356,0.179,1.109,0.839,1.03,1.088,1.094,1.094,1.306,1.271,1.438,0.71,1.07,1.305,1.27,0.765,0.083,0.521,0.625,0.647,1.309,1.307,0.499,0.916,0.501,0.741,0.93,0.956,0.977,0.847,0.87,0.896,0.719,1.246,0.31,0.286,0.25,0.238,0.322,0.298,0.284,0.265,0.188,0.169,0.144,0.168,0.184,0.161,0.252,0.245,0.32,0.376,0.353,0.33,0.309,0.354,0.227,0.108,0.141,0.091,0.0,0.038,0.09,0.138,0.151,0.499,0.641,0.982,1.287,1.181,1.226,1.164,1.222,1.444,1.326,0.981,0.725,0.7,0.977,1.303,0.275,0.365,0.122,1.497,0.29,0.295,0.283,0.479,1.146,0.392,0.612
bangunan HEP,1.354,1.197,0.989,1.104,1.095,1.155,1.183,1.24,0.563,0.205,0.516,0.236,0.682,0.8,0.832,0.318,0.155,1.125,0.855,1.052,1.111,1.121,1.122,1.335,1.298,1.473,0.705,1.094,1.339,1.303,0.784,0.121,0.531,0.627,0.648,1.328,1.323,0.472,0.947,0.528,0.764,0.953,0.982,1.003,0.867,0.893,0.917,0.73,1.268,0.28,0.261,0.226,0.226,0.306,0.288,0.28,0.262,0.182,0.17,0.139,0.158,0.19,0.168,0.264,0.255,0.331,0.37,0.346,0.325,0.305,0.317,0.191,0.075,0.104,0.053,0.038,0.0,0.118,0.172,0.188,0.534,0.677,1.019,1.323,1.214,1.26,1.198,1.256,1.476,1.358,1.005,0.738,0.71,1.013,1.334,0.261,0.353,0.093,1.53,0.29,0.295,0.282,0.475,1.18,0.427,0.638
faculty of business,1.237,1.106,0.893,1.006,0.989,1.047,1.065,1.122,0.445,0.115,0.502,0.176,0.571,0.689,0.717,0.419,0.195,1.025,0.754,0.94,0.999,1.005,1.005,1.217,1.181,1.357,0.659,0.98,1.223,1.186,0.679,0.065,0.445,0.561,0.585,1.222,1.222,0.506,0.829,0.411,0.651,0.842,0.866,0.888,0.76,0.781,0.809,0.64,1.157,0.332,0.296,0.256,0.219,0.305,0.268,0.239,0.22,0.158,0.125,0.123,0.153,0.13,0.106,0.177,0.174,0.247,0.334,0.311,0.285,0.263,0.428,0.278,0.16,0.203,0.166,0.09,0.118,0.0,0.061,0.114,0.42,0.566,0.91,1.21,1.097,1.142,1.08,1.139,1.357,1.239,0.891,0.645,0.623,0.9,1.216,0.258,0.334,0.163,1.413,0.236,0.244,0.231,0.427,1.065,0.312,0.523
"instititut lreadershsip,quality",1.182,1.094,0.876,0.989,0.962,1.018,1.018,1.077,0.395,0.133,0.539,0.205,0.54,0.656,0.679,0.48,0.254,1.004,0.734,0.907,0.964,0.963,0.961,1.173,1.139,1.301,0.679,0.943,1.167,1.132,0.655,0.072,0.442,0.57,0.596,1.195,1.201,0.559,0.779,0.371,0.618,0.81,0.826,0.849,0.733,0.747,0.781,0.631,1.124,0.39,0.352,0.311,0.267,0.351,0.31,0.272,0.254,0.205,0.168,0.176,0.206,0.165,0.145,0.187,0.19,0.252,0.365,0.344,0.317,0.295,0.487,0.339,0.221,0.263,0.223,0.138,0.172,0.061,0.0,0.075,0.362,0.506,0.85,1.151,1.043,1.088,1.026,1.084,1.307,1.188,0.855,0.633,0.615,0.841,1.166,0.305,0.373,0.224,1.359,0.264,0.272,0.26,0.45,1.008,0.255,0.484
Ayub Arshad Graduate Business School,1.187,1.157,0.937,1.048,1.014,1.066,1.044,1.106,0.419,0.207,0.611,0.279,0.59,0.703,0.719,0.507,0.306,1.062,0.792,0.951,1.008,0.997,0.991,1.202,1.172,1.303,0.754,0.984,1.172,1.143,0.711,0.068,0.512,0.643,0.67,1.246,1.258,0.62,0.799,0.412,0.664,0.856,0.861,0.887,0.786,0.793,0.832,0.697,1.168,0.443,0.409,0.369,0.332,0.418,0.38,0.345,0.327,0.272,0.236,0.237,0.267,0.237,0.215,0.261,0.265,0.326,0.439,0.417,0.39,0.369,0.503,0.374,0.253,0.291,0.242,0.151,0.188,0.114,0.075,0.0,0.366,0.501,0.837,1.147,1.054,1.097,1.036,1.091,1.325,1.205,0.896,0.697,0.683,0.838,1.186,0.371,0.445,0.263,1.366,0.338,0.346,0.334,0.525,1.01,0.262,0.526
Gym Sport Recreation,0.822,0.962,0.736,0.831,0.751,0.787,0.693,0.759,0.116,0.404,0.741,0.462,0.361,0.442,0.422,0.835,0.589,0.829,0.585,0.657,0.708,0.665,0.65,0.855,0.832,0.94,0.775,0.673,0.807,0.778,0.497,0.421,0.469,0.624,0.657,0.972,1.011,0.84,0.442,0.199,0.404,0.579,0.54,0.572,0.544,0.514,0.578,0.568,0.868,0.713,0.665,0.627,0.56,0.623,0.57,0.516,0.507,0.509,0.474,0.503,0.526,0.455,0.451,0.401,0.418,0.411,0.574,0.564,0.54,0.526,0.848,0.69,0.578,0.622,0.584,0.499,0.534,0.42,0.362,0.366,0.0,0.15,0.496,0.79,0.689,0.731,0.67,0.726,0.963,0.841,0.592,0.554,0.57,0.48,0.825,0.589,0.612,0.577,1.001,0.49,0.498,0.493,0.601,0.647,0.107,0.268
Dewan Agung Tuanku Canselor,0.69,0.99,0.771,0.852,0.748,0.77,0.608,0.679,0.205,0.554,0.879,0.611,0.418,0.464,0.418,0.983,0.739,0.841,0.627,0.635,0.679,0.606,0.58,0.771,0.759,0.803,0.891,0.635,0.674,0.655,0.544,0.561,0.585,0.736,0.768,0.951,1.008,0.987,0.357,0.305,0.432,0.575,0.499,0.536,0.569,0.515,0.592,0.647,0.831,0.863,0.815,0.776,0.709,0.771,0.718,0.663,0.655,0.659,0.624,0.653,0.676,0.605,0.601,0.549,0.566,0.554,0.717,0.709,0.685,0.672,0.993,0.839,0.725,0.769,0.729,0.641,0.677,0.566,0.506,0.501,0.15,0.0,0.346,0.646,0.568,0.605,0.547,0.597,0.851,0.728,0.566,0.629,0.655,0.337,0.719,0.738,0.757,0.725,0.872,0.637,0.644,0.64,0.735,0.51,0.254,0.327
MTDC,0.418,1.117,0.93,0.976,0.835,0.824,0.517,0.588,0.526,0.9,1.204,0.955,0.661,0.648,0.571,1.328,1.086,0.949,0.815,0.7,0.719,0.589,0.54,0.658,0.676,0.507,1.18,0.664,0.399,0.426,0.751,0.9,0.887,1.025,1.056,0.979,1.069,1.327,0.363,0.619,0.632,0.689,0.555,0.592,0.737,0.651,0.736,0.893,0.833,1.209,1.161,1.122,1.054,1.113,1.06,1.005,0.998,1.005,0.97,0.999,1.023,0.951,0.947,0.892,0.91,0.892,1.051,1.045,1.023,1.012,1.336,1.185,1.069,1.113,1.071,0.982,1.019,0.91,0.85,0.837,0.496,0.346,0.0,0.326,0.363,0.372,0.336,0.353,0.641,0.526,0.635,0.87,0.91,0.105,0.543,1.081,1.095,1.071,0.598,0.977,0.985,0.982,1.056,0.242,0.6,0.592
Surau FSPU,0.152,1.151,1.012,1.022,0.864,0.826,0.456,0.501,0.789,1.184,1.438,1.23,0.849,0.793,0.709,1.624,1.374,0.983,0.936,0.734,0.727,0.577,0.524,0.526,0.573,0.189,1.369,0.675,0.138,0.23,0.897,1.207,1.105,1.222,1.249,0.934,1.046,1.585,0.477,0.868,0.793,0.769,0.621,0.647,0.852,0.757,0.832,1.057,0.783,1.489,1.438,1.402,1.331,1.38,1.327,1.272,1.268,1.287,1.255,1.288,1.308,1.234,1.233,1.167,1.184,1.153,1.304,1.301,1.282,1.275,1.638,1.478,1.368,1.412,1.374,1.287,1.323,1.21,1.151,1.147,0.79,0.646,0.326,0.0,0.246,0.203,0.234,0.179,0.402,0.325,0.689,1.031,1.08,0.31,0.371,1.353,1.352,1.366,0.294,1.243,1.249,1.249,1.288,0.163,0.897,0.807
AB1,0.161,0.905,0.772,0.777,0.619,0.58,0.211,0.263,0.654,1.051,1.252,1.085,0.654,0.579,0.498,1.496,1.24,0.737,0.708,0.49,0.481,0.331,0.278,0.308,0.344,0.286,1.159,0.43,0.155,0.089,0.679,1.107,0.917,1.018,1.042,0.693,0.803,1.416,0.283,0.714,0.586,0.533,0.387,0.409,0.624,0.529,0.598,0.841,0.542,1.342,1.29,1.258,1.184,1.222,1.171,1.117,1.117,1.148,1.12,1.156,1.173,1.097,1.101,1.022,1.04,0.997,1.135,1.136,1.121,1.116,1.52,1.35,1.248,1.293,1.262,1.181,1.214,1.097,1.043,1.054,0.689,0.568,0.363,0.246,0.0,0.055,0.027,0.07,0.289,0.167,0.449,0.815,0.866,0.278,0.18,1.202,1.186,1.243,0.318,1.088,1.093,1.095,1.104,0.138,0.793,0.631
AB 3,0.107,0.952,0.824,0.826,0.667,0.626,0.255,0.299,0.701,1.099,1.307,1.135,0.708,0.634,0.553,1.544,1.288,0.785,0.762,0.541,0.529,0.38,0.327,0.331,0.374,0.232,1.214,0.479,0.1,0.055,0.734,1.151,0.971,1.073,1.097,0.731,0.844,1.469,0.336,0.764,0.641,0.587,0.441,0.462,0.679,0.584,0.653,0.897,0.581,1.393,1.341,1.308,1.234,1.274,1.222,1.168,1.167,1.198,1.169,1.205,1.222,1.146,1.149,1.072,1.09,1.048,1.188,1.189,1.173,1.168,1.567,1.398,1.295,1.34,1.308,1.226,1.26,1.142,1.088,1.097,0.731,0.605,0.372,0.203,0.055,0.0,0.063,0.025,0.269,0.156,0.502,0.87,0.922,0.298,0.185,1.253,1.239,1.291,0.271,1.139,1.144,1.146,1.158,0.132,0.836,0.683
AB2,0.167,0.918,0.779,0.788,0.631,0.594,0.229,0.284,0.639,1.037,1.246,1.072,0.648,0.577,0.495,1.481,1.226,0.749,0.711,0.501,0.494,0.344,0.291,0.334,0.367,0.292,1.158,0.442,0.157,0.108,0.679,1.089,0.91,1.015,1.04,0.713,0.821,1.407,0.275,0.701,0.583,0.538,0.391,0.415,0.627,0.532,0.603,0.841,0.561,1.33,1.278,1.245,1.172,1.211,1.16,1.106,1.105,1.135,1.106,1.142,1.159,1.083,1.087,1.009,1.027,0.985,1.126,1.127,1.11,1.106,1.505,1.335,1.233,1.278,1.246,1.164,1.198,1.08,1.026,1.036,0.67,0.547,0.336,0.234,0.027,0.063,0.0,0.068,0.314,0.193,0.457,0.814,0.865,0.252,0.207,1.19,1.177,1.228,0.333,1.077,1.082,1.083,1.097,0.113,0.775,0.622
Kafeteria Kolej Anggerik,0.101,0.973,0.842,0.846,0.688,0.647,0.277,0.323,0.7,1.098,1.313,1.136,0.716,0.645,0.563,1.543,1.288,0.806,0.776,0.56,0.55,0.4,0.347,0.356,0.398,0.226,1.225,0.499,0.09,0.075,0.746,1.146,0.977,1.082,1.107,0.755,0.867,1.473,0.342,0.765,0.651,0.602,0.456,0.479,0.693,0.598,0.668,0.908,0.605,1.394,1.342,1.309,1.236,1.276,1.225,1.171,1.169,1.198,1.168,1.204,1.222,1.146,1.149,1.073,1.09,1.05,1.192,1.192,1.176,1.171,1.565,1.397,1.293,1.338,1.305,1.222,1.256,1.139,1.084,1.091,0.726,0.597,0.353,0.179,0.07,0.025,0.068,0.0,0.289,0.179,0.519,0.881,0.933,0.283,0.21,1.255,1.242,1.289,0.275,1.141,1.147,1.148,1.164,0.111,0.832,0.688
Mamakteria Cafe,0.251,0.925,0.859,0.824,0.673,0.609,0.312,0.287,0.913,1.299,1.448,1.325,0.859,0.759,0.69,1.742,1.485,0.776,0.844,0.58,0.543,0.424,0.392,0.232,0.299,0.272,1.318,0.51,0.268,0.215,0.844,1.374,1.117,1.192,1.212,0.646,0.769,1.627,0.528,0.957,0.779,0.661,0.545,0.547,0.769,0.685,0.729,1.001,0.515,1.577,1.524,1.495,1.421,1.448,1.399,1.349,1.351,1.392,1.366,1.405,1.419,1.343,1.35,1.264,1.281,1.229,1.353,1.357,1.345,1.344,1.772,1.597,1.503,1.548,1.521,1.444,1.476,1.357,1.307,1.325,0.963,0.851,0.641,0.402,0.289,0.269,0.314,0.289,0.0,0.123,0.573,0.975,1.029,0.565,0.143,1.434,1.406,1.496,0.189,1.319,1.324,1.327,1.305,0.399,1.063,0.86
Pusat Kesihatan UiTM Shah Alam,0.177,0.891,0.797,0.777,0.62,0.565,0.221,0.223,0.794,1.185,1.35,1.213,0.755,0.663,0.589,1.628,1.372,0.732,0.763,0.511,0.483,0.347,0.305,0.211,0.27,0.253,1.233,0.442,0.188,0.105,0.754,1.254,1.017,1.101,1.123,0.636,0.756,1.525,0.411,0.843,0.679,0.58,0.451,0.46,0.685,0.595,0.649,0.914,0.492,1.467,1.415,1.384,1.31,1.341,1.291,1.239,1.24,1.279,1.252,1.29,1.305,1.229,1.235,1.151,1.169,1.119,1.248,1.251,1.238,1.236,1.657,1.483,1.387,1.432,1.403,1.326,1.358,1.239,1.188,1.205,0.841,0.728,0.526,0.325,0.167,0.156,0.193,0.179,0.123,0.0,0.492,0.887,0.941,0.445,0.057,1.325,1.3,1.38,0.221,1.21,1.214,1.217,1.205,0.287,0.942,0.749
NON RESIDENT OFFICE,0.603,0.483,0.323,0.345,0.2,0.205,0.271,0.287,0.492,0.807,0.883,0.813,0.327,0.21,0.177,1.227,0.977,0.315,0.272,0.07,0.116,0.149,0.186,0.366,0.313,0.72,0.745,0.089,0.601,0.508,0.275,0.926,0.563,0.621,0.64,0.386,0.449,1.071,0.272,0.485,0.243,0.089,0.08,0.044,0.196,0.12,0.157,0.429,0.276,1.047,0.996,0.972,0.9,0.911,0.867,0.821,0.828,0.883,0.866,0.906,0.913,0.841,0.854,0.759,0.774,0.709,0.807,0.816,0.809,0.812,1.27,1.089,1.014,1.057,1.041,0.981,1.005,0.891,0.855,0.896,0.592,0.566,0.635,0.689,0.449,0.502,0.457,0.519,0.573,0.492,0.0,0.403,0.457,0.534,0.442,0.905,0.861,1.002,0.712,0.793,0.796,0.802,0.746,0.54,0.659,0.371
UITM FACILITIES CENTRE,0.976,0.462,0.252,0.367,0.393,0.465,0.667,0.689,0.442,0.535,0.488,0.508,0.214,0.238,0.322,0.889,0.661,0.393,0.144,0.411,0.464,0.552,0.584,0.766,0.709,1.099,0.346,0.476,0.969,0.888,0.136,0.699,0.211,0.219,0.237,0.613,0.589,0.685,0.555,0.358,0.241,0.316,0.437,0.429,0.207,0.292,0.252,0.027,0.592,0.697,0.649,0.636,0.571,0.557,0.523,0.491,0.503,0.576,0.572,0.611,0.607,0.55,0.57,0.474,0.483,0.408,0.447,0.462,0.464,0.474,0.944,0.766,0.721,0.758,0.759,0.725,0.738,0.645,0.633,0.697,0.554,0.629,0.87,1.031,0.815,0.87,0.814,0.881,0.975,0.887,0.403,0.0,0.055,0.791,0.841,0.565,0.499,0.704,1.105,0.468,0.467,0.477,0.364,0.869,0.552,0.303
facilities centre,1.028,0.486,0.289,0.403,0.442,0.515,0.722,0.744,0.461,0.51,0.435,0.477,0.249,0.288,0.371,0.847,0.625,0.433,0.197,0.465,0.517,0.606,0.638,0.821,0.763,1.151,0.293,0.53,1.021,0.941,0.188,0.68,0.18,0.165,0.183,0.657,0.627,0.634,0.603,0.371,0.288,0.371,0.491,0.483,0.261,0.346,0.306,0.03,0.643,0.653,0.607,0.596,0.534,0.513,0.483,0.454,0.468,0.543,0.542,0.58,0.574,0.521,0.542,0.449,0.456,0.38,0.403,0.42,0.424,0.436,0.904,0.727,0.689,0.724,0.728,0.7,0.71,0.623,0.615,0.683,0.57,0.655,0.91,1.08,0.866,0.922,0.865,0.933,1.029,0.941,0.457,0.055,0.0,0.834,0.895,0.524,0.454,0.671,1.158,0.433,0.432,0.442,0.315,0.918,0.558,0.331
Security Office,0.364,1.017,0.835,0.877,0.733,0.721,0.415,0.487,0.487,0.877,1.153,0.926,0.588,0.562,0.482,1.315,1.066,0.848,0.726,0.597,0.615,0.484,0.436,0.56,0.575,0.47,1.112,0.56,0.347,0.352,0.667,0.897,0.828,0.959,0.988,0.874,0.965,1.289,0.264,0.572,0.551,0.591,0.454,0.491,0.646,0.557,0.641,0.815,0.728,1.183,1.133,1.097,1.026,1.079,1.026,0.971,0.965,0.981,0.947,0.98,1.001,0.927,0.926,0.862,0.88,0.854,1.009,1.005,0.984,0.975,1.328,1.169,1.058,1.102,1.064,0.977,1.013,0.9,0.841,0.838,0.48,0.337,0.105,0.31,0.278,0.298,0.252,0.283,0.565,0.445,0.534,0.791,0.834,0.0,0.456,1.051,1.055,1.057,0.548,0.942,0.949,0.947,1.004,0.18,0.587,0.528
Pusat Kesihatan UiTM Shah Alam (Annex),0.228,0.835,0.743,0.721,0.565,0.509,0.174,0.168,0.771,1.157,1.309,1.182,0.717,0.62,0.549,1.599,1.342,0.676,0.715,0.459,0.429,0.295,0.257,0.157,0.214,0.31,1.186,0.389,0.237,0.143,0.708,1.233,0.977,1.056,1.077,0.58,0.699,1.487,0.387,0.815,0.639,0.531,0.407,0.412,0.637,0.549,0.599,0.868,0.436,1.434,1.382,1.353,1.278,1.306,1.257,1.206,1.208,1.249,1.224,1.262,1.276,1.2,1.207,1.121,1.138,1.087,1.211,1.216,1.203,1.202,1.63,1.454,1.36,1.406,1.379,1.303,1.334,1.216,1.166,1.186,0.825,0.719,0.543,0.371,0.18,0.185,0.207,0.21,0.143,0.057,0.442,0.841,0.895,0.456,0.0,1.292,1.264,1.353,0.274,1.177,1.181,1.184,1.165,0.313,0.924,0.717
Dewan Kuliah,1.355,1.001,0.813,0.927,0.951,1.02,1.126,1.171,0.564,0.193,0.256,0.127,0.583,0.696,0.75,0.326,0.117,0.957,0.701,0.938,0.996,1.04,1.054,1.262,1.215,1.479,0.454,0.992,1.343,1.289,0.647,0.318,0.356,0.404,0.418,1.177,1.151,0.258,0.92,0.489,0.666,0.836,0.903,0.914,0.735,0.785,0.786,0.55,1.142,0.143,0.091,0.071,0.039,0.047,0.041,0.085,0.086,0.1,0.137,0.137,0.109,0.145,0.16,0.189,0.172,0.205,0.127,0.107,0.101,0.093,0.38,0.204,0.203,0.222,0.249,0.275,0.261,0.258,0.305,0.371,0.589,0.738,1.081,1.353,1.202,1.253,1.19,1.255,1.434,1.325,0.905,0.565,0.524,1.051,1.292,0.0,0.094,0.181,1.519,0.115,0.111,0.107,0.235,1.198,0.493,0.575
register office,1.343,0.921,0.742,0.855,0.89,0.961,1.095,1.135,0.57,0.246,0.168,0.171,0.548,0.654,0.716,0.394,0.212,0.887,0.64,0.889,0.946,1.002,1.019,1.223,1.173,1.468,0.36,0.946,1.332,1.272,0.594,0.398,0.3,0.32,0.331,1.111,1.079,0.234,0.903,0.484,0.629,0.787,0.867,0.874,0.682,0.741,0.733,0.481,1.086,0.2,0.156,0.157,0.127,0.062,0.067,0.104,0.12,0.179,0.209,0.222,0.197,0.208,0.229,0.219,0.205,0.203,0.054,0.05,0.072,0.087,0.455,0.289,0.297,0.316,0.343,0.365,0.353,0.334,0.373,0.445,0.612,0.757,1.095,1.352,1.186,1.239,1.177,1.242,1.406,1.3,0.861,0.499,0.454,1.055,1.264,0.094,0.0,0.275,1.501,0.124,0.116,0.123,0.148,1.193,0.525,0.555
jejantas budisiswa,1.388,1.156,0.956,1.071,1.076,1.14,1.196,1.249,0.589,0.197,0.433,0.196,0.675,0.793,0.834,0.258,0.066,1.096,0.83,1.044,1.103,1.126,1.131,1.343,1.303,1.509,0.634,1.091,1.374,1.332,0.765,0.196,0.493,0.571,0.589,1.307,1.293,0.379,0.969,0.539,0.759,0.943,0.986,1.004,0.85,0.886,0.901,0.694,1.256,0.188,0.169,0.136,0.152,0.222,0.214,0.221,0.205,0.128,0.137,0.096,0.097,0.161,0.148,0.243,0.229,0.301,0.301,0.278,0.262,0.244,0.277,0.115,0.022,0.055,0.068,0.122,0.093,0.163,0.224,0.263,0.577,0.725,1.071,1.366,1.243,1.291,1.228,1.289,1.496,1.38,1.002,0.704,0.671,1.057,1.353,0.181,0.275,0.0,1.561,0.238,0.241,0.23,0.409,1.219,0.471,0.644
Pos Polis Bantuan,0.183,1.102,1.017,0.994,0.838,0.78,0.441,0.441,0.972,1.369,1.56,1.403,0.962,0.876,0.799,1.814,1.558,0.947,0.983,0.732,0.702,0.567,0.525,0.409,0.474,0.112,1.451,0.663,0.201,0.23,0.97,1.421,1.225,1.316,1.339,0.831,0.954,1.729,0.6,1.032,0.889,0.8,0.668,0.679,0.904,0.813,0.869,1.131,0.695,1.66,1.608,1.576,1.502,1.538,1.488,1.435,1.434,1.467,1.438,1.475,1.491,1.415,1.419,1.34,1.358,1.314,1.45,1.452,1.437,1.433,1.837,1.668,1.565,1.611,1.578,1.497,1.53,1.413,1.359,1.366,1.001,0.872,0.598,0.294,0.318,0.271,0.333,0.275,0.189,0.221,0.712,1.105,1.158,0.548,0.274,1.519,1.501,1.561,0.0,1.405,1.41,1.412,1.414,0.367,1.106,0.946
Dewan Kuliah 2,1.242,0.918,0.72,0.835,0.848,0.915,1.011,1.057,0.456,0.131,0.279,0.06,0.469,0.584,0.636,0.434,0.193,0.861,0.599,0.829,0.887,0.927,0.94,1.148,1.102,1.366,0.424,0.881,1.23,1.175,0.54,0.302,0.257,0.338,0.358,1.076,1.058,0.351,0.805,0.376,0.553,0.726,0.789,0.801,0.628,0.674,0.679,0.457,1.036,0.257,0.205,0.179,0.107,0.137,0.084,0.029,0.035,0.111,0.121,0.152,0.141,0.108,0.132,0.095,0.082,0.091,0.102,0.083,0.055,0.037,0.481,0.301,0.257,0.291,0.299,0.29,0.29,0.236,0.264,0.338,0.49,0.637,0.977,1.243,1.088,1.139,1.077,1.141,1.319,1.21,0.793,0.468,0.433,0.942,1.177,0.115,0.124,0.238,1.405,0.0,0.009,0.009,0.191,1.086,0.402,0.461
Dewan Kuliah 3,1.247,0.916,0.719,0.834,0.849,0.916,1.015,1.061,0.462,0.14,0.27,0.067,0.472,0.586,0.64,0.432,0.194,0.86,0.6,0.831,0.889,0.93,0.943,1.151,1.105,1.372,0.417,0.883,1.235,1.18,0.541,0.309,0.256,0.333,0.353,1.076,1.057,0.343,0.811,0.382,0.556,0.728,0.792,0.804,0.629,0.677,0.68,0.455,1.037,0.253,0.201,0.176,0.105,0.13,0.078,0.026,0.036,0.115,0.127,0.157,0.144,0.115,0.139,0.103,0.09,0.097,0.094,0.075,0.047,0.028,0.48,0.3,0.26,0.293,0.302,0.295,0.295,0.244,0.272,0.346,0.498,0.644,0.985,1.249,1.093,1.144,1.082,1.147,1.324,1.214,0.796,0.467,0.432,0.949,1.181,0.111,0.116,0.241,1.41,0.009,0.0,0.013,0.185,1.092,0.41,0.465
Dewan Kuliah 1,1.248,0.926,0.729,0.844,0.857,0.924,1.019,1.065,0.461,0.128,0.281,0.055,0.477,0.592,0.644,0.426,0.184,0.87,0.608,0.837,0.896,0.935,0.947,1.156,1.11,1.373,0.43,0.889,1.236,1.182,0.549,0.296,0.266,0.346,0.366,1.085,1.066,0.347,0.812,0.383,0.562,0.735,0.797,0.809,0.636,0.683,0.687,0.465,1.044,0.25,0.198,0.171,0.098,0.132,0.079,0.023,0.026,0.103,0.114,0.144,0.133,0.102,0.126,0.096,0.081,0.098,0.105,0.085,0.057,0.037,0.472,0.292,0.249,0.282,0.29,0.283,0.282,0.231,0.26,0.334,0.493,0.64,0.982,1.249,1.095,1.146,1.083,1.148,1.327,1.217,0.802,0.477,0.442,0.947,1.184,0.107,0.123,0.23,1.412,0.009,0.013,0.0,0.197,1.092,0.404,0.468
Stor Sukan,1.264,0.774,0.599,0.711,0.756,0.828,0.993,1.027,0.534,0.318,0.15,0.251,0.451,0.546,0.617,0.541,0.35,0.745,0.508,0.766,0.822,0.891,0.914,1.112,1.058,1.39,0.232,0.827,1.254,1.187,0.473,0.493,0.188,0.173,0.183,0.972,0.935,0.326,0.823,0.437,0.527,0.667,0.761,0.764,0.558,0.627,0.608,0.344,0.956,0.346,0.304,0.302,0.258,0.21,0.196,0.195,0.214,0.293,0.311,0.337,0.319,0.299,0.323,0.266,0.26,0.212,0.108,0.131,0.15,0.17,0.603,0.436,0.43,0.455,0.475,0.479,0.475,0.427,0.45,0.525,0.601,0.735,1.056,1.288,1.104,1.158,1.097,1.164,1.305,1.205,0.746,0.364,0.315,1.004,1.165,0.235,0.148,0.409,1.414,0.191,0.185,0.197,0.0,1.126,0.534,0.481
Hentian Bas 5,0.184,1.014,0.861,0.88,0.725,0.695,0.337,0.396,0.635,1.033,1.276,1.076,0.686,0.631,0.548,1.475,1.223,0.844,0.778,0.591,0.592,0.444,0.39,0.446,0.479,0.294,1.207,0.538,0.167,0.185,0.736,1.067,0.942,1.059,1.086,0.821,0.926,1.426,0.315,0.71,0.631,0.616,0.468,0.497,0.695,0.6,0.677,0.895,0.67,1.334,1.283,1.248,1.176,1.222,1.17,1.115,1.112,1.135,1.103,1.137,1.157,1.081,1.082,1.012,1.03,0.996,1.144,1.143,1.124,1.117,1.493,1.329,1.221,1.266,1.23,1.146,1.18,1.065,1.008,1.01,0.647,0.51,0.242,0.163,0.138,0.132,0.113,0.111,0.399,0.287,0.54,0.869,0.918,0.18,0.313,1.198,1.193,1.219,0.367,1.086,1.092,1.092,1.126,0.0,0.754,0.645
Institut Pengajian Siswazah,0.928,0.987,0.761,0.863,0.801,0.844,0.785,0.849,0.167,0.304,0.665,0.367,0.387,0.486,0.483,0.729,0.486,0.867,0.609,0.72,0.774,0.746,0.736,0.945,0.918,1.046,0.728,0.743,0.913,0.882,0.521,0.315,0.429,0.584,0.616,1.028,1.056,0.749,0.538,0.201,0.446,0.633,0.615,0.644,0.581,0.568,0.621,0.561,0.935,0.612,0.566,0.526,0.462,0.531,0.479,0.425,0.414,0.409,0.372,0.4,0.424,0.355,0.349,0.309,0.325,0.331,0.493,0.48,0.454,0.438,0.741,0.585,0.471,0.515,0.477,0.392,0.427,0.312,0.255,0.262,0.107,0.254,0.6,0.897,0.793,0.836,0.775,0.832,1.063,0.942,0.659,0.552,0.558,0.587,0.924,0.493,0.525,0.471,1.106,0.402,0.41,0.404,0.534,0.754,0.0,0.303
Perindu 2,0.788,0.694,0.468,0.564,0.499,0.544,0.554,0.605,0.152,0.447,0.631,0.466,0.094,0.183,0.195,0.883,0.627,0.566,0.317,0.425,0.482,0.483,0.487,0.699,0.66,0.914,0.588,0.459,0.777,0.717,0.229,0.556,0.3,0.434,0.464,0.727,0.753,0.786,0.347,0.114,0.143,0.333,0.344,0.365,0.28,0.268,0.319,0.321,0.642,0.718,0.665,0.636,0.561,0.592,0.542,0.49,0.491,0.534,0.511,0.55,0.561,0.487,0.496,0.406,0.423,0.37,0.504,0.506,0.49,0.487,0.918,0.74,0.653,0.698,0.678,0.612,0.638,0.523,0.484,0.526,0.268,0.327,0.592,0.807,0.631,0.683,0.622,0.688,0.86,0.749,0.371,0.303,0.331,0.528,0.717,0.575,0.555,0.644,0.946,0.461,0.465,0.468,0.481,0.645,0.303,0.0
